flight_id,flight_number,date,month,day_of_week,is_weekend,airline,aircraft_type,origin,destination,distance_km,scheduled_dep_hour,flight_duration_min,seat_capacity,passengers_boarded,load_factor_pct,weather_origin,weather_dest,origin_congestion,dest_congestion,atc_delay_min,late_aircraft_min,tech_issue_delay_min,dep_delay_min,arr_delay_min
FL0430,I5797,2023-06-07,6,Wednesday,0,AirAsia India,A319,JAI,BHO,1501,10,121,144,115.0,80.0,9.0,10.0,4,2,0.0,0.0,0.0,31.0,77.4
FL0330,6E841,2023-01-17,1,Tuesday,0,IndiGo,A320,PAT,BOM,449,17,53,180,156.0,87.2,9.0,8.0,2,9,4.1,22.9,0.0,59.6,111.7
FL0061,6E101,2023-03-22,3,Wednesday,0,IndiGo,B737,PAT,VTZ,689,8,82,162,135.0,83.8,1.0,6.0,2,2,17.3,0.0,0.0,16.0,44.9
FL0848,UK956,2023-11-22,11,Wednesday,0,Vistara,A320,CCU,BLR,1670,7,140,180,131.0,73.1,1.0,4.0,5,7,6.9,0.0,0.0,6.5,32.3
FL1448,6E811,2023-05-23,5,Tuesday,0,IndiGo,B737,ATQ,BHO,1779,13,176,162,116.0,71.9,5.0,7.0,2,2,,27.0,0.0,42.1,55.8
FL0726,SG818,2023-08-12,8,Saturday,1,SpiceJet,CRJ-900,JAI,BOM,960,20,87,90,,89.9,7.0,6.0,4,9,3.1,10.9,0.0,40.5,116.9
FL1163,SG901,2023-07-01,7,Saturday,1,SpiceJet,B737,BHO,ATQ,471,20,64,162,126.0,78.1,6.0,7.0,2,2,10.7,0.0,0.0,23.3,77.8
FL0596,6E638,2023-08-09,8,Wednesday,0,IndiGo,B737,IXB,GAU,1033,6,102,162,116.0,71.8,4.0,8.0,2,2,1.4,29.4,0.0,41.4,82.1
FL0222,G8505,2023-11-20,11,Monday,0,GoFirst,A320,PNQ,ATQ,1015,12,100,180,138.0,76.8,6.0,5.0,4,2,2.6,0.0,0.0,9.4,29.1
FL0479,6E681,2023-10-16,10,Monday,0,IndiGo,A321,DEL,VTZ,1320,9,132,220,178.0,81.1,6.0,2.0,9,2,19.5,0.0,0.0,40.9,25.9
FL0386,AI754,2023-09-21,9,Thursday,0,Air India,A320,HYD,GOI,1673,12,163,180,145.0,80.8,4.0,6.0,6,3,1.4,0.0,0.0,265.0,31.0
FL1218,6E620,2023-08-03,8,Thursday,0,IndiGo,A320,BLR,SXR,1919,13,179,180,127.0,70.6,8.0,8.0,7,2,0.3,0.0,0.0,18.6,45.8
FL1362,SG588,2023-11-05,11,Sunday,1,SpiceJet,A320,LKO,IXB,1429,21,120,180,147.0,82.1,7.0,1.0,3,2,3.4,0.0,0.0,21.6,39.6
FL0325,SG758,2023-05-27,5,Saturday,1,SpiceJet,A320,BHO,IXB,1315,13,130,180,170.0,94.6,1.0,4.0,2,2,3.2,0.0,0.0,0.0,20.1
FL1260,6E833,2023-08-27,8,Sunday,1,IndiGo,A320,IXC,BOM,1600,17,129,180,119.0,66.4,,9.0,2,9,14.5,0.0,0.0,49.9,131.3
FL1194,SG738,2023-12-10,12,Sunday,1,SpiceJet,B737,HYD,IXC,777,22,95,162,123.0,,5.0,5.0,6,2,0.0,0.0,0.0,16.5,47.7
FL0941,G8533,2023-12-31,12,Sunday,1,GoFirst,B737,PNQ,LKO,1022,8,96,162,148.0,91.7,4.0,,4,3,6.6,0.0,0.0,14.2,34.0
FL0606,SG138,2023-01-07,1,Saturday,1,SpiceJet,A320,BLR,CCU,1670,16,156,180,134.0,74.6,3.0,5.0,7,5,4.6,24.0,0.0,34.3,89.5
FL1424,AI973,2023-01-12,1,Thursday,0,Air India,B737,DEL,MAA,1760,6,167,162,120.0,74.2,,8.0,9,6,0.0,0.0,0.0,44.5,94.6
FL0403,AI986,2023-02-27,2,Monday,0,Air India,A319,BOM,GOI,450,12,59,144,122.0,85.3,,6.0,9,3,4.5,0.0,0.0,37.8,74.2
FL1436,SG230,2023-03-21,3,Tuesday,0,SpiceJet,A320,IXB,BHO,1788,5,171,180,136.0,,5.0,,2,2,4.9,37.0,0.0,56.8,71.0
FL0389,UK710,2023-04-02,4,Sunday,1,Vistara,A320,CCU,PAT,1720,10,173,180,144.0,80.1,1.0,1.0,5,2,2.1,8.9,0.0,11.2,9.4
FL0508,6E945,2023-02-02,2,Thursday,0,IndiGo,A320,PNQ,MAA,915,15,93,180,176.0,,5.0,2.0,4,6,3.8,0.0,0.0,21.8,26.8
FL0611,6E585,2023-10-10,10,Tuesday,0,IndiGo,A320,GOI,ATQ,1081,7,120,180,162.0,90.1,1.0,3.0,3,2,0.4,0.0,0.0,6.0,16.2
FL1222,6E962,2023-06-07,6,Wednesday,0,IndiGo,ATR72,COK,JAI,1170,14,111,70,61.0,88.2,9.0,10.0,4,4,1.3,0.0,0.0,30.6,71.3
FL1486,6E851,2023-01-15,1,Sunday,1,IndiGo,A320,VTZ,MAA,963,11,89,180,133.0,74.0,3.0,,2,6,0.2,0.0,0.0,10.0,56.0
FL0420,AI847,2023-12-31,12,Sunday,1,Air India,A320,BLR,MAA,340,17,52,180,126.0,70.3,9.0,1.0,7,6,30.6,44.7,0.0,110.9,103.9
FL0160,SG238,2023-06-19,6,Monday,0,SpiceJet,B737,GOI,SXR,537,9,69,162,156.0,96.3,6.0,7.0,3,2,8.5,27.2,0.0,43.9,75.6
FL0773,SG190,2023-09-25,9,Monday,0,SpiceJet,A321,SXR,HYD,946,6,97,220,182.0,82.8,7.0,5.0,2,6,0.0,0.0,0.0,13.2,32.7
FL1237,G8438,2023-11-15,11,Wednesday,0,GoFirst,A320,IXB,BOM,584,5,76,180,137.0,76.5,1.0,2.0,2,9,2.2,0.4,0.0,20.6,30.1
FL1360,AI388,2023-09-25,9,Monday,0,Air India,A319,ATQ,HYD,1383,14,122,144,115.0,80.5,9.0,7.0,2,6,0.7,0.0,0.0,38.9,95.3
FL0441,6E283,2023-11-14,11,Tuesday,0,IndiGo,ATR72,IXB,LKO,544,9,74,70,65.0,,1.0,4.0,2,3,0.0,0.0,0.0,6.1,21.8
FL1205,UK908,2023-12-27,12,Wednesday,0,Vistara,CRJ-900,GOI,IXC,973,8,112,90,75.0,83.9,3.0,5.0,3,2,9.0,0.9,0.0,12.0,40.4
FL0578,AI720,2023-05-24,5,Wednesday,0,Air India,,CCU,MAA,1640,14,157,144,110.0,76.7,1.0,1.0,5,6,3.7,24.0,0.0,36.9,74.5
FL0021,UK100,2023-10-21,10,Saturday,1,Vistara,A321,LKO,CCU,1404,21,124,220,,90.4,2.0,1.0,3,5,9.3,0.0,0.0,12.1,27.3
FL1040,6E424,2023-11-12,11,Sunday,1,IndiGo,A321,BOM,SXR,1392,5,128,220,219.0,99.8,2.0,2.0,9,2,7.1,0.0,0.0,16.1,19.9
FL0644,I5710,2023-05-06,5,Saturday,1,AirAsia India,A320,AMD,CCU,1783,18,143,180,144.0,80.5,4.0,5.0,4,5,9.8,0.0,0.0,8.8,38.1
FL0784,SG289,2023-12-07,12,Thursday,0,SpiceJet,A320,IXC,AMD,611,21,86,180,135.0,,5.0,3.0,2,4,2.1,0.0,0.0,23.5,48.9
FL0943,SG789,2023-10-16,10,Monday,0,SpiceJet,A320,GAU,IXB,898,6,96,180,140.0,77.8,2.0,3.0,2,2,0.6,0.0,0.0,16.8,37.9
FL1365,UK462,2023-05-02,5,Tuesday,0,Vistara,ATR72,VTZ,BHO,1747,11,159,70,63.0,91.1,1.0,6.0,2,2,0.0,0.0,0.0,1.6,39.3
FL0557,UK764,2023-08-05,8,Saturday,1,Vistara,B737,AMD,BHO,1712,7,156,162,137.0,85.0,9.0,7.0,4,2,0.0,0.0,0.0,37.6,90.4
FL0605,AI893,2023-08-18,8,Friday,0,Air India,A321,COK,IXB,1997,22,183,220,125.0,57.0,7.0,7.0,4,2,0.4,0.0,0.0,21.8,72.0
FL1377,6E436,2023-05-29,5,Monday,0,IndiGo,B737,VTZ,ATQ,417,11,58,162,142.0,87.7,2.0,,2,2,0.0,0.0,0.0,4.0,19.3
FL0612,G8658,2023-05-02,5,Tuesday,0,GoFirst,B737,PNQ,MAA,1829,7,177,162,118.0,73.1,5.0,5.0,4,6,0.0,0.0,0.0,21.4,55.2
FL0529,6E907,2023-04-03,4,Monday,0,IndiGo,ATR72,PNQ,PAT,757,7,84,70,62.0,89.1,2.0,7.0,4,2,4.7,0.0,0.0,6.9,52.7
FL1210,G8368,2023-03-04,3,Saturday,1,GoFirst,ATR72,DEL,PNQ,1200,18,122,70,47.0,,2.0,1.0,9,4,13.5,0.0,0.0,18.6,24.6
FL1473,BZ258,2023-01-14,1,Saturday,1,Blue Dart,B737,BOM,AMD,530,14,68,162,141.0,,4.0,1.0,9,4,1.8,,0.0,12.0,9.9
FL0629,G8283,2023-09-09,9,Saturday,1,GoFirst,A321,PNQ,CCU,1850,19,165,220,168.0,76.7,9.0,6.0,4,5,7.8,0.0,0.0,48.4,75.0
FL0850,AI939,2023-05-13,5,Saturday,1,Air India,B737,BLR,MAA,340,15,51,162,125.0,77.7,,2.0,7,6,2.1,0.0,0.0,7.8,39.1
FL0717,UK249,2023-10-13,10,Friday,0,Vistara,A320,IXC,BOM,976,15,105,180,,71.7,3.0,6.0,2,9,2.5,0.0,0.0,3.0,25.1
FL1198,UK555,2023-03-04,3,Saturday,1,Vistara,A321,SXR,AMD,1027,18,104,220,207.0,94.1,3.0,2.0,2,4,9.3,0.0,0.0,18.7,46.0
FL0590,SG989,2023-07-05,7,Wednesday,0,SpiceJet,A321,BOM,DEL,1148,8,107,220,220.0,100.0,10.0,6.0,9,9,1.9,0.0,0.0,45.9,125.3
FL0619,6E391,2023-12-31,12,Sunday,1,IndiGo,B737,JAI,PAT,562,17,56,162,143.0,88.5,8.0,6.0,4,2,0.2,0.0,0.0,23.5,46.5
FL0729,SG294,2023-09-24,9,Sunday,1,SpiceJet,A321,ATQ,IXC,1444,14,123,220,165.0,,2.0,8.0,2,2,0.0,0.4,0.0,6.4,64.7
FL0300,AI875,2023-10-16,10,Monday,0,Air India,B737,DEL,LKO,510,19,61,162,104.0,64.5,3.0,6.0,9,3,15.5,0.0,0.0,24.0,53.0
FL0178,6E198,2023-04-26,4,Wednesday,0,IndiGo,B737,BLR,HYD,500,15,57,162,133.0,82.1,7.0,5.0,7,6,1.1,0.0,0.0,32.1,32.6
FL0519,UK323,2023-01-12,1,Thursday,0,Vistara,A320,AMD,IXC,1071,16,102,180,149.0,83.1,7.0,7.0,4,2,0.0,0.0,0.0,28.0,63.0
FL1096,I5116,2023-04-28,4,Friday,0,AirAsia India,A320,MAA,CCU,1640,8,147,180,129.0,71.8,3.0,1.0,6,5,6.8,,0.0,30.1,27.2
FL0993,I5209,2023-03-31,3,Friday,0,AirAsia India,ATR72,ATQ,LKO,1729,10,165,70,58.0,83.4,4.0,1.0,2,3,3.8,0.0,0.0,8.6,13.9
FL0507,AI387,2023-06-12,6,Monday,0,Air India,A320,DEL,LKO,510,9,55,180,138.0,76.8,,7.0,9,3,8.3,0.0,0.0,16.7,74.2
FL0856,AI819,2023-03-19,3,Sunday,1,Air India,A321,LKO,HYD,877,7,89,220,188.0,85.5,5.0,5.0,3,6,14.7,0.0,0.0,15.9,69.6
FL0595,UK777,2023-08-03,8,Thursday,0,Vistara,A320,VTZ,BOM,1884,14,175,180,131.0,73.3,7.0,3.0,2,9,0.0,0.0,0.0,25.9,34.4
FL0416,AI204,2023-01-05,1,Thursday,0,Air India,A320,ATQ,BLR,768,14,88,180,128.0,71.6,5.0,1.0,2,7,2.5,0.0,0.0,8.9,51.4
FL0622,6E960,2023-05-25,5,Thursday,0,IndiGo,A320,PNQ,AMD,1758,12,152,180,123.0,68.8,2.0,3.0,4,4,0.0,0.0,0.0,0.0,18.6
FL0565,UK438,2023-12-08,12,Friday,0,Vistara,ATR72,CCU,BLR,1670,12,146,70,40.0,57.5,3.0,2.0,5,7,,0.0,0.0,0.5,19.0
FL1317,6E786,2023-04-25,4,Tuesday,0,IndiGo,A321,AMD,PNQ,1772,9,164,220,152.0,69.4,5.0,7.0,4,4,6.1,2.6,0.0,4.9,51.5
FL0918,G8564,2023-07-31,7,Monday,0,GoFirst,B737,BHO,AMD,984,6,101,162,142.0,87.9,5.0,4.0,2,4,4.2,,0.0,6.3,14.1
FL0467,6E159,2023-07-04,7,Tuesday,0,IndiGo,A320,VTZ,PNQ,360,19,57,180,154.0,86.1,6.0,6.0,2,4,12.5,0.0,0.0,16.5,55.6
FL0554,UK218,2023-07-02,7,Sunday,1,Vistara,B777,GOI,PAT,1941,12,177,342,239.0,69.9,9.0,5.0,3,2,0.6,0.0,0.0,215.0,25.7
FL0109,AI733,2023-02-10,2,Friday,0,Air India,A320,HYD,IXB,1865,19,179,180,154.0,,3.0,2.0,6,2,16.4,0.0,0.0,20.0,49.3
FL0559,AI897,2023-12-27,12,Wednesday,0,Air India,B737,ATQ,VTZ,1689,6,162,162,124.0,77.0,2.0,3.0,2,2,0.0,0.0,0.0,2.9,31.5
FL0103,I5298,2023-05-19,5,Friday,0,AirAsia India,ATR72,IXB,SXR,1522,8,140,70,62.0,89.2,,5.0,2,2,10.9,0.0,0.0,22.6,48.1
FL0608,I5117,2023-05-21,5,Sunday,1,AirAsia India,ATR72,BHO,PAT,1223,7,110,70,64.0,92.4,1.0,2.0,2,2,0.0,0.0,0.0,0.0,20.7
FL0122,6E978,2023-12-26,12,Tuesday,0,IndiGo,B737,ATQ,LKO,1136,14,117,162,129.0,80.2,3.0,4.0,2,3,0.0,12.4,0.0,23.8,27.4
FL1431,UK186,2023-02-26,2,Sunday,1,Vistara,A321,VTZ,JAI,542,22,80,220,174.0,79.5,4.0,1.0,2,4,4.9,0.0,0.0,13.5,28.3
FL1301,UK877,2023-08-10,8,Thursday,0,Vistara,B737,COK,CCU,711,13,80,162,152.0,94.0,3.0,5.0,4,5,0.0,11.4,0.0,16.8,41.3
FL0456,AI663,2023-09-29,9,Friday,0,Air India,A320,DEL,BHO,780,12,79,180,152.0,84.7,7.0,9.0,9,2,,0.0,0.0,21.7,93.1
FL0066,6E623,2023-04-16,4,Sunday,1,IndiGo,A320,IXB,JAI,1252,6,111,180,155.0,86.5,5.0,3.0,2,4,0.0,0.0,0.0,10.5,32.4
FL1252,6E207,2023-11-17,11,Friday,0,IndiGo,B787,BHO,IXB,548,13,65,296,199.0,,6.0,1.0,2,2,5.8,0.0,0.0,25.9,18.0
FL0919,UK627,2023-01-25,1,Wednesday,0,Vistara,ATR72,BOM,IXB,660,5,71,70,67.0,95.8,1.0,8.0,9,2,0.0,29.1,1.5,36.1,59.1
FL1456,I5711,2023-07-18,7,Tuesday,0,AirAsia India,A320,PNQ,JAI,633,12,78,180,145.0,80.9,7.0,7.0,4,4,7.7,0.0,0.0,31.9,42.8
FL1444,AI246,2023-07-19,7,Wednesday,0,Air India,A319,BOM,CCU,1880,22,157,144,114.0,,10.0,8.0,9,5,5.9,8.1,0.0,58.3,114.4
FL0369,6E677,2023-04-14,4,Friday,0,IndiGo,A320,PAT,AMD,1972,14,191,180,133.0,,6.0,4.0,2,4,0.0,0.0,0.0,20.2,32.3
FL1078,6E389,2023-01-15,1,Sunday,1,IndiGo,A320,IXB,MAA,732,14,72,180,162.0,90.4,5.0,1.0,2,6,7.8,0.0,0.0,20.9,46.6
FL0553,AI932,2023-09-25,9,Monday,0,Air India,B777,PNQ,ATQ,906,17,89,342,236.0,69.1,9.0,,4,2,0.0,0.0,0.1,27.4,54.2
FL0031,SG789,2023-02-28,2,Tuesday,0,SpiceJet,A320,LKO,IXC,1141,13,114,180,135.0,75.2,2.0,2.0,3,2,0.0,0.0,0.0,0.0,26.6
FL0560,SG521,2023-10-13,10,Friday,0,SpiceJet,ATR72,DEL,CCU,1305,13,112,70,54.0,77.9,1.0,7.0,9,5,3.1,0.0,0.0,3.0,51.9
FL1364,6E754,2023-07-09,7,Sunday,1,IndiGo,B737,PAT,VTZ,1806,20,158,162,100.0,61.9,4.0,6.0,2,2,12.9,18.6,0.0,41.5,81.3
FL1147,AI879,2023-11-24,11,Friday,0,Air India,A320,VTZ,MAA,1860,22,166,180,145.0,80.8,4.0,1.0,2,6,2.0,3.6,0.0,6.7,37.7
FL0977,6E196,2023-07-22,7,Saturday,1,IndiGo,ATR72,BLR,GAU,696,10,69,70,54.0,78.1,4.0,3.0,7,2,0.0,0.0,0.0,4.3,11.2
FL1464,6E447,2023-05-17,5,Wednesday,0,IndiGo,A319,SXR,GAU,1874,13,171,144,107.0,74.3,3.0,1.0,2,2,0.0,11.2,0.0,17.8,26.8
FL0418,SG765,2023-07-15,7,Saturday,1,SpiceJet,ATR72,MAA,BLR,340,9,56,70,49.0,71.2,7.0,6.0,6,7,7.7,0.0,0.8,27.9,79.5
FL1221,6E983,2023-02-01,2,Wednesday,0,IndiGo,A320,BOM,PNQ,149,7,39,180,167.0,92.8,1.0,3.0,9,4,12.2,0.0,0.0,12.9,45.2
FL0319,UK884,2023-10-04,10,Wednesday,0,Vistara,B777,HYD,BOM,620,7,75,342,296.0,86.6,1.0,6.0,6,9,18.8,0.0,0.0,19.2,63.4
FL1402,AI408,2023-12-03,12,Sunday,1,Air India,A320,IXC,HYD,453,9,54,180,166.0,92.6,2.0,4.0,2,6,5.6,0.0,0.0,14.0,46.2
FL1149,6E553,2023-04-16,4,Sunday,1,IndiGo,ATR72,PAT,JAI,1407,5,144,70,59.0,84.7,4.0,3.0,2,4,5.2,30.2,0.0,37.0,35.6
FL0502,6E253,2023-09-15,9,Friday,0,IndiGo,B737,VTZ,IXB,1370,7,145,162,144.0,89.0,7.0,6.0,2,2,0.0,0.0,0.0,17.0,64.2
FL0910,SG182,2023-09-30,9,Saturday,1,SpiceJet,B737,VTZ,PAT,1892,14,177,162,162.0,,8.0,3.0,2,2,0.0,14.4,0.0,41.9,62.8
FL0492,6E776,2023-09-07,9,Thursday,0,IndiGo,A321,ATQ,HYD,931,12,90,220,178.0,81.0,6.0,5.0,2,6,7.9,0.0,0.0,19.3,30.3
FL0246,I5687,2023-12-18,12,Monday,0,AirAsia India,B787,MAA,ATQ,1059,7,117,296,250.0,84.7,2.0,8.0,6,2,0.0,0.0,0.0,0.0,45.1
FL0448,G8817,2023-08-27,8,Sunday,1,GoFirst,A320,BOM,AMD,530,20,69,180,159.0,88.6,8.0,6.0,9,4,26.2,0.0,0.0,48.8,86.5
FL0772,6E495,2023-11-02,11,Thursday,0,IndiGo,,HYD,DEL,1253,13,126,180,150.0,83.9,8.0,2.0,6,9,,18.1,0.0,57.7,35.3
FL0645,AI635,2023-02-27,2,Monday,0,Air India,ATR72,PNQ,BHO,1089,10,107,70,57.0,82.7,3.0,2.0,4,2,3.5,31.7,4.6,48.8,64.3
FL0450,S5398,2023-04-06,4,Thursday,0,StarAir,A319,IXB,BOM,1190,15,118,144,92.0,64.4,8.0,1.0,2,9,6.2,0.0,0.0,35.9,40.4
FL1272,6E121,2023-04-30,4,Sunday,1,IndiGo,A321,PNQ,GAU,1503,16,123,220,167.0,76.2,7.0,4.0,4,2,0.0,0.0,4.3,21.6,36.1
FL0816,SG740,2023-09-19,9,Tuesday,0,SpiceJet,A321,PNQ,JAI,696,7,78,220,160.0,73.2,8.0,9.0,4,4,8.7,10.9,2.6,42.2,83.9
FL0730,AI951,2023-12-07,12,Thursday,0,Air India,B737,GAU,LKO,962,21,100,162,116.0,71.9,2.0,4.0,2,3,0.0,0.0,0.0,9.0,30.3
FL0572,AI660,2023-09-22,9,Friday,0,Air India,A321,JAI,PAT,1999,13,170,220,205.0,93.6,3.0,7.0,4,2,,0.0,0.0,7.9,70.7
FL0900,UK954,2023-08-27,8,Sunday,1,Vistara,B777,BLR,IXB,1617,6,134,342,242.0,70.9,3.0,9.0,7,2,0.0,16.0,0.0,12.5,83.0
FL0995,G8821,2023-11-16,11,Thursday,0,GoFirst,B787,IXC,HYD,1364,14,138,296,259.0,87.6,1.0,1.0,2,6,5.8,0.0,0.0,14.6,19.9
FL0965,SG534,2023-01-06,1,Friday,0,SpiceJet,B737,BHO,ATQ,891,14,85,162,135.0,83.6,4.0,7.0,2,2,1.5,,0.0,22.5,65.0
FL0719,SG494,2023-09-08,9,Friday,0,SpiceJet,A320,DEL,MAA,1760,19,152,180,178.0,99.2,6.0,10.0,9,6,45.6,0.0,0.0,53.7,142.7
FL1179,SG679,2023-03-31,3,Friday,0,SpiceJet,A320,SXR,ATQ,649,8,79,180,141.0,78.4,1.0,5.0,2,2,16.0,0.0,0.0,23.9,39.7
FL0881,I5420,2023-07-26,7,Wednesday,0,AirAsia India,B737,COK,GAU,991,13,86,162,129.0,80.1,7.0,7.0,4,2,2.3,0.0,0.0,20.3,51.0
FL1140,6E821,2023-04-14,4,Friday,0,IndiGo,A320,SXR,MAA,1292,8,124,180,152.0,84.8,5.0,1.0,2,6,7.7,0.0,0.0,15.9,40.0
FL0051,UK696,2023-01-14,1,Saturday,1,Vistara,A321,BLR,CCU,1670,13,138,220,130.0,59.2,2.0,6.0,7,5,0.0,0.0,0.0,0.8,38.8
FL0828,AI612,2023-04-05,4,Wednesday,0,Air India,ATR72,BLR,ATQ,1336,5,129,70,69.0,99.1,4.0,6.0,7,2,12.1,9.2,0.0,30.9,57.3
FL0625,G8619,2023-10-28,10,Saturday,1,GoFirst,B737,AMD,BLR,1789,6,140,162,132.0,81.8,1.0,8.0,4,7,2.6,2.6,1.9,16.8,96.6
FL0675,6E334,2023-11-01,11,Wednesday,0,IndiGo,CRJ-900,COK,AMD,1806,15,166,90,68.0,76.6,6.0,1.0,4,4,6.3,3.8,0.0,31.8,34.4
FL0667,6E513,2023-09-09,9,Saturday,1,IndiGo,A320,AMD,PNQ,1541,13,124,180,180.0,100.0,9.0,7.0,4,4,0.0,0.0,0.0,29.8,40.5
FL1041,SG471,2023-10-13,10,Friday,0,SpiceJet,B737,ATQ,PNQ,868,11,89,162,129.0,80.2,,,2,4,9.1,0.0,0.0,19.1,31.4
FL0546,6E745,2023-02-05,2,Sunday,1,IndiGo,,AMD,SXR,1737,16,172,180,139.0,77.5,1.0,4.0,4,2,,0.3,0.0,10.2,30.7
FL1371,AI943,2023-07-12,7,Wednesday,0,Air India,A320,GAU,LKO,800,13,91,180,152.0,84.7,9.0,9.0,2,3,0.0,0.0,0.0,30.6,93.0
FL0312,AI323,2023-08-18,8,Friday,0,Air India,A320,DEL,BHO,780,16,72,180,163.0,91.0,5.0,8.0,9,2,0.0,0.0,0.7,8.7,66.4
FL1339,AI222,2023-05-08,5,Monday,0,Air India,A320,PAT,AMD,1595,22,148,180,142.0,79.3,5.0,1.0,2,4,0.0,0.0,0.0,8.4,54.2
FL1231,6E252,2023-06-24,6,Saturday,1,IndiGo,A320,DEL,SXR,670,5,72,180,130.0,72.4,10.0,9.0,9,2,1.0,0.0,0.0,40.9,66.6
FL0921,UK990,2023-03-08,3,Wednesday,0,Vistara,B737,HYD,LKO,766,9,88,162,135.0,83.6,8.0,4.0,6,3,6.9,0.6,0.0,35.1,32.2
FL0068,SG586,2023-11-06,11,Monday,0,SpiceJet,ATR72,PNQ,COK,601,5,59,70,57.0,82.4,8.0,2.0,4,4,0.0,14.0,0.0,55.1,62.5
FL0427,AI161,2023-09-26,9,Tuesday,0,Air India,ATR72,IXB,BLR,328,12,56,70,52.0,75.3,5.0,8.0,2,7,9.9,0.0,9.8,36.9,74.4
FL0352,6E498,2023-05-08,5,Monday,0,IndiGo,B777,GOI,CCU,1454,8,129,342,260.0,76.1,8.0,7.0,3,5,15.2,6.6,0.0,51.7,47.1
FL0190,AI107,2023-06-01,6,Thursday,0,Air India,B777,BOM,AMD,530,18,66,342,296.0,86.7,9.0,7.0,9,4,20.2,0.0,0.0,58.3,112.7
FL0442,I5892,2023-10-06,10,Friday,0,AirAsia India,ATR72,BOM,BHO,441,8,59,70,66.0,94.7,2.0,2.0,9,2,20.1,0.0,0.0,18.2,31.1
FL0027,6E325,2023-09-10,9,Sunday,1,IndiGo,B737,JAI,DEL,260,20,39,162,111.0,68.9,6.0,5.0,4,9,7.9,0.0,0.0,23.4,46.9
FL0186,AI478,2023-08-13,8,Sunday,1,Air India,A320,SXR,COK,1070,20,107,180,152.0,84.5,7.0,9.0,2,4,8.9,0.0,0.0,28.6,90.4
FL1392,SG536,2023-09-03,9,Sunday,1,SpiceJet,B737,BOM,GOI,450,14,72,162,135.0,83.8,3.0,10.0,9,3,11.7,0.0,0.0,23.6,79.7
FL0485,SG401,2023-01-10,1,Tuesday,0,SpiceJet,ATR72,PNQ,CCU,1224,7,129,70,56.0,81.4,5.0,1.0,4,5,14.0,0.0,0.0,22.1,42.4
FL0424,6E708,2023-11-07,11,Tuesday,0,IndiGo,B787,PNQ,SXR,1090,13,122,296,221.0,74.9,6.0,2.0,4,2,0.0,0.0,0.0,16.0,17.0
FL0724,SG143,2023-03-06,3,Monday,0,SpiceJet,A321,IXB,HYD,1110,13,109,220,156.0,71.2,2.0,8.0,2,6,6.1,0.0,1.1,10.5,57.1
FL0787,UK297,2023-04-13,4,Thursday,0,Vistara,B787,LKO,CCU,1093,6,103,296,236.0,80.0,8.0,2.0,3,5,0.0,0.0,0.0,28.5,23.4
FL0572,AI660,2023-09-22,9,Friday,0,Air India,A321,JAI,PAT,1999,13,170,220,205.0,93.6,3.0,7.0,4,2,,0.0,0.0,7.9,70.7
FL0907,I5912,2023-01-28,1,Saturday,1,AirAsia India,B737,HYD,VTZ,300,15,40,162,98.0,60.8,1.0,9.0,6,2,4.9,,0.0,16.4,84.4
FL0495,6E523,2023-09-14,9,Thursday,0,IndiGo,B787,HYD,BLR,500,9,57,296,242.0,81.9,9.0,10.0,6,7,4.1,0.0,0.0,30.5,89.0
FL0959,AI556,2023-08-31,8,Thursday,0,Air India,A319,HYD,JAI,350,11,44,144,130.0,91.0,6.0,9.0,6,4,3.3,0.0,0.0,15.7,84.5
FL0542,6E122,2023-07-11,7,Tuesday,0,IndiGo,A320,PNQ,AMD,1789,8,157,180,141.0,78.6,4.0,3.0,4,4,10.5,0.0,0.0,10.2,27.3
FL0042,I5785,2023-05-11,5,Thursday,0,AirAsia India,A320,IXB,VTZ,1370,13,127,180,152.0,84.7,2.0,2.0,2,2,5.2,23.3,0.0,30.8,39.0
FL0923,AI837,2023-04-19,4,Wednesday,0,Air India,ATR72,VTZ,IXC,664,20,88,70,55.0,78.7,2.0,4.0,2,2,10.5,0.0,0.0,16.2,53.2
FL0857,6E778,2023-08-06,8,Sunday,1,IndiGo,B737,JAI,BHO,1131,5,121,162,128.0,79.3,5.0,10.0,4,2,4.3,0.0,0.0,24.8,88.3
FL0449,AI503,2023-10-17,10,Tuesday,0,Air India,A321,BLR,VTZ,495,5,74,220,212.0,96.8,3.0,8.0,7,2,0.0,0.0,0.0,12.6,58.1
FL1345,6E105,2023-01-17,1,Tuesday,0,IndiGo,B787,HYD,COK,880,17,92,296,287.0,97.0,1.0,1.0,6,4,16.2,0.0,0.0,18.5,40.7
FL0858,SG960,2023-10-28,10,Saturday,1,SpiceJet,B777,MAA,PNQ,1437,12,126,342,303.0,88.6,1.0,5.0,6,4,5.4,0.0,0.0,10.8,38.9
FL0009,6E266,2023-05-02,5,Tuesday,0,IndiGo,ATR72,HYD,BHO,869,9,92,70,51.0,74.2,6.0,4.0,6,2,10.8,0.0,0.0,32.4,18.2
FL1400,UK189,2023-08-15,8,Tuesday,0,Vistara,B777,LKO,PNQ,1631,10,154,342,293.0,85.8,10.0,,3,4,1.5,0.0,0.0,33.1,43.7
FL1266,AI112,2023-09-21,9,Thursday,0,Air India,B737,LKO,JAI,655,22,70,162,122.0,75.8,6.0,3.0,3,4,7.1,0.0,0.0,23.2,67.0
FL0505,6E733,2023-06-01,6,Thursday,0,IndiGo,B737,VTZ,ATQ,376,16,53,162,98.0,60.8,8.0,4.0,2,2,1.1,2.9,0.0,26.4,18.3
FL0348,UK978,2023-09-10,9,Sunday,1,Vistara,A320,BLR,SXR,1188,8,129,180,180.0,100.0,8.0,,7,2,19.5,0.0,0.0,50.8,90.7
FL0497,6E831,2023-01-04,1,Wednesday,0,IndiGo,A321,PNQ,SXR,912,11,108,220,145.0,66.3,5.0,1.0,4,2,3.8,0.0,0.0,23.7,34.5
FL0561,BZ794,2023-09-30,9,Saturday,1,Blue Dart,A320,BLR,GOI,1641,15,151,180,149.0,,6.0,8.0,7,3,,6.3,0.0,25.3,96.7
FL1497,UK972,2023-09-08,9,Friday,0,Vistara,A320,IXC,GAU,1490,21,132,180,166.0,92.3,3.0,7.0,2,2,0.5,0.0,0.0,6.6,58.6
FL0933,6E591,2023-02-11,2,Saturday,1,IndiGo,A320,LKO,GOI,789,14,81,180,129.0,71.8,4.0,1.0,3,3,0.0,0.0,0.0,0.0,13.4
FL0865,AI351,2023-08-27,8,Sunday,1,Air India,B737,IXC,GAU,460,20,69,162,118.0,73.2,6.0,5.0,2,2,13.3,0.0,0.0,23.2,76.8
FL0184,6E459,2023-11-14,11,Tuesday,0,IndiGo,ATR72,CCU,GOI,1739,19,169,70,70.0,100.0,,6.0,5,3,1.5,0.0,0.0,13.7,53.7
FL0123,6E878,2023-08-02,8,Wednesday,0,IndiGo,A319,BHO,SXR,890,8,80,144,98.0,68.1,8.0,7.0,2,2,10.8,0.0,0.0,35.1,64.1
FL0366,6E766,2023-05-07,5,Sunday,1,IndiGo,B737,JAI,ATQ,985,10,88,162,103.0,64.0,3.0,1.0,4,2,2.9,0.0,0.0,16.6,20.5
FL1100,6E683,2023-08-16,8,Wednesday,0,IndiGo,ATR72,DEL,ATQ,380,8,44,70,,91.9,,5.0,9,2,12.5,0.0,0.0,50.3,39.6
FL1268,6E204,2023-04-06,4,Thursday,0,IndiGo,A320,BLR,PNQ,1141,15,115,180,143.0,79.5,3.0,4.0,7,4,4.1,,0.0,7.4,8.4
FL0044,6E371,2023-05-15,5,Monday,0,IndiGo,ATR72,IXC,VTZ,504,18,67,70,59.0,85.2,4.0,5.0,2,2,6.4,30.0,0.0,37.1,45.6
FL0395,6E891,2023-02-20,2,Monday,0,IndiGo,A321,GAU,GOI,644,15,79,220,166.0,75.6,8.0,5.0,2,3,2.6,,0.0,27.4,43.6
FL1211,6E368,2023-07-08,7,Saturday,1,IndiGo,ATR72,GAU,PNQ,665,9,70,70,62.0,89.3,8.0,8.0,2,4,1.0,0.0,0.0,19.7,64.2
FL1054,AI818,2023-10-23,10,Monday,0,Air India,A320,GAU,PNQ,482,14,55,180,179.0,99.7,6.0,3.0,2,4,0.0,0.0,0.0,23.4,42.3
FL1467,6E196,2023-11-11,11,Saturday,1,IndiGo,A321,GOI,IXB,1933,13,167,220,157.0,71.8,2.0,3.0,3,2,1.8,0.0,0.0,5.0,28.9
FL0378,AI187,2023-11-02,11,Thursday,0,Air India,A319,MAA,PAT,350,8,48,144,,86.0,5.0,3.0,6,2,7.2,0.0,0.0,20.7,48.6
FL0533,6E897,2023-07-15,7,Saturday,1,IndiGo,ATR72,IXB,IXC,593,12,79,70,54.0,77.2,4.0,5.0,2,2,1.8,6.7,0.0,15.1,33.5
FL0575,6E957,2023-08-11,8,Friday,0,IndiGo,B737,JAI,HYD,1850,22,149,162,91.0,56.7,8.0,7.0,4,6,0.0,,0.0,29.9,83.3
FL0794,S5270,2023-12-04,12,Monday,0,StarAir,B737,IXC,PAT,923,8,93,162,143.0,88.4,6.0,1.0,2,2,8.7,0.0,0.0,29.1,40.2
FL0708,AI873,2023-02-15,2,Wednesday,0,Air India,A320,GAU,DEL,1660,22,145,180,146.0,81.2,7.0,1.0,2,9,0.0,0.0,0.0,41.0,66.1
FL0686,SG919,2023-12-24,12,Sunday,1,SpiceJet,A321,PNQ,IXB,1185,18,126,220,167.0,76.3,2.0,1.0,4,2,1.2,0.0,0.0,11.3,31.5
FL1311,6E794,2023-04-30,4,Sunday,1,IndiGo,A320,LKO,BOM,1100,18,103,180,174.0,97.1,3.0,1.0,3,9,0.0,0.0,0.0,8.4,50.6
FL0379,I5594,2023-01-13,1,Friday,0,AirAsia India,B737,LKO,GOI,1002,14,106,162,132.0,81.6,7.0,8.0,3,3,2.0,0.0,0.0,23.6,68.4
FL0354,SG887,2023-10-08,10,Sunday,1,SpiceJet,B737,HYD,IXC,775,16,88,162,120.0,74.2,6.0,2.0,6,2,0.2,0.0,0.0,27.0,39.8
FL0446,UK969,2023-05-02,5,Tuesday,0,Vistara,B787,DEL,LKO,510,19,57,296,214.0,72.6,5.0,5.0,9,3,31.4,,0.0,36.3,39.0
FL0344,6E734,2023-04-09,4,Sunday,1,IndiGo,A319,HYD,MAA,520,7,60,144,127.0,88.3,2.0,1.0,6,6,13.7,0.0,0.0,18.1,42.2
FL1004,AI130,2023-01-10,1,Tuesday,0,Air India,B737,AMD,SXR,1318,21,125,162,157.0,97.3,7.0,10.0,4,2,10.5,0.0,0.0,33.6,101.2
FL1238,6E500,2023-05-12,5,Friday,0,IndiGo,ATR72,VTZ,IXB,1100,17,124,70,61.0,87.4,1.0,1.0,2,2,2.0,0.0,0.0,6.6,21.9
FL1189,AI941,2023-07-01,7,Saturday,1,Air India,B787,HYD,SXR,788,16,91,296,249.0,84.4,3.0,5.0,6,2,3.4,0.0,0.0,5.6,59.0
FL1271,6E559,2023-10-15,10,Sunday,1,IndiGo,A320,BLR,LKO,1850,9,170,180,139.0,77.5,3.0,2.0,7,3,,33.6,0.0,54.8,37.1
FL1284,AI880,2023-05-27,5,Saturday,1,Air India,CRJ-900,BHO,MAA,1978,17,177,90,83.0,92.3,1.0,1.0,2,6,18.2,0.0,0.0,20.3,49.7
FL1415,6E769,2023-01-25,1,Wednesday,0,IndiGo,A321,GAU,VTZ,517,20,76,220,180.0,82.0,7.0,5.0,2,2,2.7,,0.0,20.8,28.5
FL0618,AI302,2023-05-16,5,Tuesday,0,Air India,A321,GAU,BLR,895,9,93,220,163.0,74.2,4.0,3.0,2,7,17.7,,0.0,26.2,46.5
FL0681,I5108,2023-05-24,5,Wednesday,0,AirAsia India,A321,IXC,HYD,1730,7,169,220,140.0,63.8,2.0,4.0,2,6,14.0,0.0,0.0,12.1,42.1
FL0873,SG451,2023-01-26,1,Thursday,0,SpiceJet,B737,PNQ,SXR,9000,20,75,162,138.0,85.7,8.0,2.0,4,2,10.2,0.0,0.0,38.6,60.2
FL1164,AI533,2023-11-09,11,Thursday,0,Air India,B737,GAU,CCU,400,9,58,162,114.0,70.8,7.0,1.0,2,5,3.6,0.0,0.0,27.9,51.6
FL0680,6E455,2023-09-16,9,Saturday,1,IndiGo,A320,SXR,BHO,1279,11,116,180,126.0,70.5,7.0,10.0,2,2,6.4,0.0,1.5,28.7,77.0
FL0749,AI942,2023-02-22,2,Wednesday,0,Air India,B787,COK,LKO,344,20,59,296,228.0,77.2,3.0,3.0,4,3,10.6,0.0,0.0,15.1,34.8
FL0942,I5949,2023-08-17,8,Thursday,0,AirAsia India,A320,BLR,PAT,1007,8,113,180,133.0,74.4,7.0,8.0,7,2,2.2,0.0,0.0,8.3,57.8
FL0201,6E580,2023-04-23,4,Sunday,1,IndiGo,ATR72,VTZ,JAI,1584,7,152,70,53.0,76.1,5.0,2.0,2,4,11.6,29.0,0.0,57.3,41.5
FL1101,SG542,2023-12-31,12,Sunday,1,SpiceJet,B737,JAI,DEL,260,20,49,162,126.0,,3.0,5.0,4,9,17.5,0.0,0.0,19.7,70.6
FL0564,SG969,2023-08-05,8,Saturday,1,SpiceJet,A321,VTZ,BOM,323,16,54,220,192.0,87.5,9.0,6.0,2,9,0.0,0.0,0.0,34.1,60.9
FL0607,SG688,2023-06-23,6,Friday,0,SpiceJet,A320,BOM,COK,1200,22,118,180,122.0,68.2,6.0,7.0,9,4,0.0,0.0,0.0,0.0,51.1
FL0762,6E431,2023-02-03,2,Friday,0,IndiGo,B737,SXR,PNQ,796,16,73,162,151.0,93.8,1.0,1.0,2,4,0.9,14.9,0.0,16.7,23.7
FL1246,UK165,2023-03-28,3,Tuesday,0,Vistara,A320,IXC,AMD,713,12,87,180,162.0,90.1,5.0,2.0,2,4,5.3,17.1,0.0,28.7,18.3
FL0536,G8104,2023-03-16,3,Thursday,0,GoFirst,A320,BHO,IXC,1126,9,127,180,149.0,83.3,8.0,3.0,2,2,9.1,0.0,0.0,45.8,51.6
FL0482,AI355,2023-12-23,12,Saturday,1,Air India,B737,BLR,LKO,1850,17,181,162,147.0,91.3,4.0,2.0,7,3,16.6,0.0,0.0,13.8,44.6
FL0845,AI704,2023-06-19,6,Monday,0,Air India,A319,GAU,BLR,1922,13,165,144,102.0,71.0,4.0,3.0,2,7,,17.5,0.0,17.7,39.0
FL0105,AI870,2023-06-12,6,Monday,0,Air India,A320,GAU,GOI,1728,13,144,180,135.0,75.1,10.0,5.0,2,3,0.4,0.0,0.0,44.1,85.5
FL0445,UK654,2023-02-27,2,Monday,0,Vistara,A320,PNQ,MAA,313,15,59,180,156.0,87.1,5.0,4.0,4,6,1.4,0.0,0.6,10.3,29.9
FL1460,AI790,2023-09-27,9,Wednesday,0,Air India,B737,JAI,BHO,1786,19,173,162,142.0,88.1,9.0,5.0,4,2,2.8,0.0,0.0,28.1,75.6
FL0269,SG123,2023-06-09,6,Friday,0,SpiceJet,ATR72,ATQ,GAU,1256,6,131,70,51.0,73.3,6.0,8.0,2,2,0.0,0.0,0.0,12.0,77.7
FL0574,AI320,2023-07-25,7,Tuesday,0,Air India,B737,AMD,COK,684,22,71,162,120.0,74.5,7.0,6.0,4,4,0.0,0.4,0.0,27.8,77.0
FL1482,6E950,2023-06-20,6,Tuesday,0,IndiGo,B777,BHO,GAU,738,16,79,342,321.0,94.0,5.0,4.0,2,2,2.2,0.0,0.0,7.7,20.3
FL1197,I5686,2023-10-12,10,Thursday,0,AirAsia India,B737,VTZ,BLR,1514,14,159,162,121.0,75.3,1.0,5.0,2,7,7.8,0.0,0.0,5.9,21.8
FL1389,AI885,2023-02-24,2,Friday,0,Air India,A321,PNQ,MAA,1793,8,171,220,146.0,66.5,4.0,1.0,4,6,4.3,0.0,0.0,10.1,21.5
FL0895,SG156,2023-01-07,1,Saturday,1,SpiceJet,ATR72,IXB,GAU,1035,7,107,70,46.0,66.5,4.0,3.0,2,2,1.4,10.8,0.0,13.5,44.1
FL1267,UK738,2023-10-18,10,Wednesday,0,Vistara,B737,IXC,PNQ,435,17,49,162,156.0,96.8,5.0,4.0,2,4,7.7,0.0,0.0,21.6,46.4
FL0236,6E423,2023-05-04,5,Thursday,0,IndiGo,A320,COK,BOM,1200,5,123,180,146.0,81.3,2.0,,4,9,4.6,0.0,0.0,12.6,15.5
FL0325,SG758,2023-05-27,5,Saturday,1,SpiceJet,A320,BHO,IXB,1315,13,130,180,170.0,94.6,1.0,4.0,2,2,3.2,0.0,0.0,0.0,20.1
FL1354,G8748,2023-11-09,11,Thursday,0,GoFirst,ATR72,COK,BLR,520,9,57,70,62.0,89.2,4.0,,4,7,22.4,0.0,0.0,33.6,55.2
FL0392,AI493,2023-10-15,10,Sunday,1,Air India,B737,LKO,DEL,510,7,67,162,144.0,88.9,1.0,2.0,3,9,13.5,0.0,0.0,16.8,52.9
FL0436,S5611,2023-04-02,4,Sunday,1,StarAir,A320,IXB,BLR,1316,8,113,180,151.0,84.0,7.0,1.0,2,7,3.4,0.0,0.0,33.8,82.8
FL0727,SG760,2023-08-27,8,Sunday,1,SpiceJet,CRJ-900,MAA,SXR,776,12,88,90,77.0,86.0,8.0,8.0,6,2,2.1,14.9,0.0,33.1,80.9
FL1457,AI375,2023-10-09,10,Monday,0,Air India,B777,COK,IXB,713,5,92,342,293.0,85.8,6.0,5.0,4,2,3.9,0.0,11.1,46.3,54.4
FL0922,AI546,2023-08-21,8,Monday,0,Air India,A320,PNQ,BLR,1264,7,124,180,150.0,83.3,7.0,6.0,4,7,7.6,0.0,6.6,38.0,90.9
FL1023,G8680,2023-11-14,11,Tuesday,0,GoFirst,A321,BLR,VTZ,494,5,65,220,184.0,83.8,,7.0,7,2,0.0,0.0,0.0,5.0,49.8
FL1057,I5372,2023-04-14,4,Friday,0,AirAsia India,,PNQ,COK,690,13,84,180,153.0,85.4,5.0,3.0,4,4,7.0,0.0,0.0,13.5,11.7
FL1321,6E862,2023-02-09,2,Thursday,0,IndiGo,B777,BLR,LKO,1850,17,185,342,248.0,72.6,2.0,3.0,7,3,20.3,0.0,0.0,23.8,40.0
FL0481,AI427,2023-08-10,8,Thursday,0,Air India,A321,MAA,LKO,1826,9,183,220,126.0,57.5,10.0,6.0,6,3,0.0,0.0,0.0,38.9,68.7
FL1061,6E492,2023-05-05,5,Friday,0,IndiGo,B737,MAA,LKO,1719,8,162,162,108.0,66.8,2.0,3.0,6,3,8.8,0.0,0.0,17.7,9.5
FL1047,AI367,2023-03-19,3,Sunday,1,Air India,B737,JAI,IXC,1979,21,160,162,129.0,79.7,2.0,3.0,4,2,0.0,36.1,0.0,34.5,50.3
FL1162,G8228,2023-04-20,4,Thursday,0,GoFirst,B777,IXB,HYD,804,21,95,342,329.0,96.4,4.0,4.0,2,6,5.0,0.0,0.0,7.0,29.1
FL1281,UK534,2023-06-10,6,Saturday,1,Vistara,A320,BHO,ATQ,937,6,109,180,146.0,81.1,5.0,5.0,2,2,3.8,24.2,0.0,41.5,35.1
FL0431,SG350,2023-05-27,5,Saturday,1,SpiceJet,B737,GOI,IXC,1794,15,177,162,162.0,100.0,3.0,1.0,3,2,12.4,0.0,0.0,12.9,32.3
FL1264,AI434,2023-04-07,4,Friday,0,Air India,ATR72,CCU,BOM,1880,9,176,70,54.0,78.0,2.0,4.0,5,9,7.0,0.0,0.0,13.2,43.6
FL0136,UK439,2023-12-12,12,Tuesday,0,Vistara,B737,MAA,SXR,375,20,60,162,142.0,87.8,5.0,2.0,6,2,3.2,2.2,0.0,21.4,34.6
FL1097,6E962,2023-10-21,10,Saturday,1,IndiGo,A321,COK,SXR,1628,18,146,220,186.0,84.6,3.0,3.0,4,2,11.2,15.8,0.0,25.8,31.6
FL0058,G8963,2023-09-21,9,Thursday,0,GoFirst,A320,AMD,PAT,1613,5,141,180,161.0,89.5,6.0,6.0,4,2,0.0,0.0,0.0,7.8,61.6
FL0471,AI676,2023-02-16,2,Thursday,0,Air India,A320,DEL,PAT,1000,12,110,180,152.0,84.9,1.0,3.0,9,2,3.3,0.0,0.0,5.5,28.5
FL0074,SG596,2023-09-27,9,Wednesday,0,SpiceJet,B737,AMD,PNQ,1605,19,134,162,140.0,86.6,8.0,,4,4,6.3,1.6,0.0,34.3,91.8
FL1378,SG511,2023-09-24,9,Sunday,1,SpiceJet,B737,HYD,DEL,1253,16,110,162,136.0,84.2,10.0,5.0,6,9,3.1,4.8,0.0,43.0,66.2
FL1302,G8751,2023-08-14,8,Monday,0,GoFirst,ATR72,BHO,ATQ,1583,22,145,70,60.0,86.5,6.0,7.0,2,2,2.8,0.0,0.0,12.3,53.3
FL1319,6E853,2023-01-14,1,Saturday,1,IndiGo,A321,BLR,LKO,1850,21,174,220,176.0,80.4,6.0,4.0,7,3,0.5,0.0,0.0,13.7,30.9
FL0149,6E862,2023-06-20,6,Tuesday,0,IndiGo,A321,PAT,AMD,316,19,61,220,,79.6,6.0,9.0,2,4,0.0,0.0,0.0,7.2,76.2
FL1323,SG427,2023-10-08,10,Sunday,1,SpiceJet,,IXB,GAU,688,14,71,180,155.0,86.2,2.0,6.0,2,2,2.0,0.0,0.0,1.6,34.0
FL0874,UK492,2023-10-19,10,Thursday,0,Vistara,A321,VTZ,MAA,1315,22,133,220,132.0,60.2,5.0,1.0,2,6,0.0,,0.0,11.2,16.7
FL0926,6E274,2023-08-16,8,Wednesday,0,IndiGo,A320,GOI,CCU,1916,16,168,180,146.0,81.3,3.0,7.0,3,5,8.4,0.0,0.0,9.2,54.3
FL0355,6E561,2023-08-11,8,Friday,0,IndiGo,B737,PAT,JAI,360,17,48,162,131.0,81.3,9.0,4.0,2,4,11.4,0.0,0.0,32.1,38.4
FL1262,SG128,2023-03-08,3,Wednesday,0,SpiceJet,B737,PNQ,PAT,788,11,92,162,125.0,77.6,4.0,2.0,4,2,4.0,55.5,3.0,68.6,73.8
FL0970,UK102,2023-12-01,12,Friday,0,Vistara,A320,ATQ,IXB,1815,11,170,180,116.0,64.5,2.0,6.0,2,2,4.8,0.0,2.7,7.3,31.4
FL0280,SG894,2023-06-10,6,Saturday,1,SpiceJet,A321,DEL,SXR,670,8,80,220,147.0,66.9,8.0,3.0,9,2,0.7,7.7,0.0,36.6,49.2
FL0976,6E396,2023-12-01,12,Friday,0,IndiGo,B737,LKO,IXC,1603,13,155,162,144.0,89.4,8.0,9.0,3,2,0.5,0.0,0.0,27.3,73.3
FL1213,6E639,2023-02-18,2,Saturday,1,IndiGo,B787,PNQ,PAT,1957,10,165,296,199.0,67.5,5.0,3.0,4,2,0.0,0.0,0.0,0.9,11.7
FL0989,G8966,2023-04-23,4,Sunday,1,GoFirst,A320,COK,CCU,1673,11,163,180,173.0,96.2,1.0,3.0,4,5,,0.0,0.0,7.3,20.9
FL0049,AI889,2023-03-30,3,Thursday,0,Air India,A320,BLR,IXC,1998,20,199,180,150.0,83.7,1.0,4.0,7,2,16.3,0.0,1.5,21.7,47.3
FL0789,UK987,2023-09-09,9,Saturday,1,Vistara,A320,BLR,COK,520,10,66,180,159.0,88.6,7.0,9.0,7,4,2.3,0.0,0.0,30.6,105.6
FL0070,AI981,2023-08-06,8,Sunday,1,Air India,A320,PNQ,MAA,1643,7,164,180,139.0,77.7,9.0,8.0,4,6,13.1,0.0,0.0,38.3,106.9
FL0785,AI337,2023-03-07,3,Tuesday,0,Air India,A320,VTZ,AMD,1540,22,137,180,136.0,76.0,1.0,1.0,2,4,1.1,0.0,0.0,7.4,32.3
FL0465,I5467,2023-05-24,5,Wednesday,0,AirAsia India,B777,GAU,DEL,1660,12,153,342,,100.0,1.0,2.0,2,9,0.0,0.0,0.0,9.0,32.3
FL0582,6E827,2023-02-22,2,Wednesday,0,IndiGo,B777,VTZ,GOI,1706,10,138,342,275.0,80.5,4.0,5.0,2,3,4.8,0.0,0.0,13.9,23.5
FL0458,SG186,2023-07-11,7,Tuesday,0,SpiceJet,B737,COK,BHO,1062,6,108,162,113.0,70.2,8.0,7.0,4,2,5.1,0.0,0.0,32.1,95.5
FL1273,6E181,2023-10-29,10,Sunday,1,IndiGo,B737,GOI,PNQ,1811,13,171,162,134.0,82.9,3.0,8.0,3,4,3.6,0.0,0.0,2.7,23.0
FL0166,6E338,2023-04-18,4,Tuesday,0,IndiGo,B777,BLR,IXB,724,19,74,342,256.0,75.1,6.0,3.0,7,2,27.2,0.0,0.0,40.1,39.1
FL0844,6E515,2023-04-02,4,Sunday,1,IndiGo,B787,GOI,PAT,1537,13,152,296,220.0,74.4,3.0,7.0,3,2,8.5,0.0,0.0,9.1,54.4
FL0777,AI772,2023-09-08,9,Friday,0,Air India,ATR72,GAU,AMD,761,22,79,70,55.0,79.3,2.0,4.0,2,4,1.5,0.0,0.0,3.2,20.6
FL0187,UK150,2023-11-03,11,Friday,0,Vistara,B737,IXB,BLR,407,22,57,162,147.0,91.1,7.0,4.0,2,7,3.8,0.0,0.0,30.1,29.2
FL0563,6E494,2023-03-25,3,Saturday,1,IndiGo,B737,BHO,PNQ,1286,9,137,162,116.0,71.9,9.0,6.0,2,4,2.2,0.0,0.0,37.1,39.0
FL1071,6E837,2023-04-14,4,Friday,0,IndiGo,A320,LKO,IXB,1293,22,123,180,157.0,87.3,8.0,5.0,3,2,1.2,0.0,0.0,31.7,38.3
FL0512,SG821,2023-11-19,11,Sunday,1,SpiceJet,B777,PNQ,BOM,149,8,35,342,,89.7,3.0,1.0,4,9,11.8,0.0,0.0,15.7,63.3
FL0879,6E443,2023-09-10,9,Sunday,1,IndiGo,A320,LKO,IXC,1550,12,144,180,120.0,66.7,3.0,6.0,3,2,0.0,0.0,0.0,11.4,34.8
FL0514,UK585,2023-06-17,6,Saturday,1,Vistara,A320,LKO,SXR,1516,9,139,180,145.0,,4.0,9.0,3,2,12.2,0.0,0.0,23.2,73.2
FL1454,6E480,2023-09-23,9,Saturday,1,IndiGo,A320,JAI,BHO,1994,12,166,180,160.0,89.0,10.0,9.0,4,2,3.4,0.0,0.1,60.5,77.4
FL0899,AI344,2023-12-29,12,Friday,0,Air India,B737,BOM,PNQ,149,8,38,162,138.0,,4.0,2.0,9,4,,7.3,0.0,26.9,46.6
FL1120,6E333,2023-10-10,10,Tuesday,0,IndiGo,A321,PNQ,MAA,1842,15,178,220,172.0,78.4,6.0,3.0,4,6,,0.0,0.0,9.7,13.6
FL1406,I5858,2023-03-14,3,Tuesday,0,AirAsia India,ATR72,BOM,VTZ,424,9,62,70,52.0,75.1,4.0,9.0,9,2,9.9,0.0,0.0,5.9,57.4
FL0808,SG265,2023-10-12,10,Thursday,0,SpiceJet,B737,JAI,BLR,400,16,65,162,141.0,87.6,3.0,1.0,4,7,0.0,20.5,0.0,19.8,27.1
FL0636,AI316,2023-12-12,12,Tuesday,0,Air India,ATR72,IXC,CCU,771,5,83,70,54.0,77.7,2.0,3.0,2,5,0.8,16.5,0.0,16.5,25.1
FL0371,6E914,2023-09-03,9,Sunday,1,IndiGo,A320,IXC,GOI,9000,5,158,180,149.0,82.9,10.0,9.0,2,3,,0.0,0.0,32.2,106.3
FL0040,G8169,2023-09-01,9,Friday,0,GoFirst,A320,BOM,GAU,464,9,64,180,129.0,71.9,7.0,10.0,9,2,17.3,0.0,0.0,47.2,83.6
FL0255,6E424,2023-05-31,5,Wednesday,0,IndiGo,A321,BHO,IXC,1986,20,155,220,188.0,85.8,5.0,1.0,2,2,6.9,0.0,0.0,17.3,26.8
FL0523,G8977,2023-08-30,8,Wednesday,0,GoFirst,A320,MAA,GAU,1867,16,158,180,133.0,74.3,7.0,10.0,6,2,5.8,28.1,13.8,68.9,114.5
FL0299,UK763,2023-03-09,3,Thursday,0,Vistara,A320,COK,HYD,880,15,89,180,144.0,80.3,1.0,5.0,4,6,5.0,0.0,0.0,9.9,34.3
FL1086,AI230,2023-10-16,10,Monday,0,Air India,B777,BHO,BLR,1941,16,172,342,322.0,94.3,4.0,3.0,2,7,2.6,0.0,0.0,7.6,44.0
FL1043,6E817,2023-08-01,8,Tuesday,0,IndiGo,A320,PNQ,GOI,1431,9,126,180,147.0,81.8,4.0,5.0,4,3,11.5,0.0,0.0,15.3,29.1
FL0884,G8976,2023-02-25,2,Saturday,1,GoFirst,B737,COK,HYD,880,20,81,162,112.0,69.4,5.0,1.0,4,6,12.5,0.0,0.0,31.1,55.3
FL0401,UK820,2023-05-30,5,Tuesday,0,Vistara,ATR72,LKO,IXB,875,19,92,70,68.0,98.6,4.0,6.0,3,2,4.5,0.0,0.0,7.7,57.6
FL0966,UK988,2023-11-18,11,Saturday,1,Vistara,,IXB,BLR,594,9,68,162,116.0,72.1,2.0,6.0,2,7,5.1,0.0,0.0,17.9,25.6
FL1212,SG315,2023-12-26,12,Tuesday,0,SpiceJet,ATR72,MAA,BHO,1641,9,156,70,62.0,88.7,1.0,,6,2,13.7,0.0,0.0,24.6,88.7
FL0813,SG907,2023-12-06,12,Wednesday,0,SpiceJet,B737,SXR,BLR,1290,6,128,162,142.0,,9.0,1.0,2,7,6.6,,0.0,37.4,75.7
FL0380,6E407,2023-11-12,11,Sunday,1,IndiGo,B737,HYD,ATQ,1778,8,168,162,124.0,76.9,1.0,3.0,6,2,7.3,0.0,0.0,8.8,28.2
FL1263,I5916,2023-02-20,2,Monday,0,AirAsia India,B737,COK,BLR,520,20,56,162,138.0,85.4,3.0,2.0,4,7,4.9,29.2,0.0,40.1,69.0
FL1388,6E597,2023-04-08,4,Saturday,1,IndiGo,B737,VTZ,DEL,1320,20,138,162,106.0,65.5,9.0,1.0,2,9,,0.0,0.0,52.9,79.3
FL1291,UK534,2023-10-30,10,Monday,0,Vistara,B737,ATQ,LKO,1726,20,158,162,110.0,68.5,4.0,1.0,2,3,9.5,8.8,0.0,21.7,31.5
FL0701,6E416,2023-08-16,8,Wednesday,0,IndiGo,A320,MAA,BLR,340,14,49,180,146.0,81.5,6.0,,6,7,0.0,0.0,0.0,17.1,41.3
FL0917,AI472,2023-01-13,1,Friday,0,Air India,A320,CCU,COK,1672,14,151,180,168.0,93.5,8.0,2.0,5,4,0.0,0.0,0.7,27.5,36.3
FL0545,SG489,2023-04-09,4,Sunday,1,SpiceJet,B737,DEL,BLR,1740,12,175,162,142.0,87.8,5.0,3.0,9,7,4.5,0.0,0.0,17.0,28.3
FL0321,I5984,2023-04-07,4,Friday,0,AirAsia India,A319,BOM,BHO,1198,20,120,144,124.0,86.3,1.0,2.0,9,2,,16.6,0.0,45.9,49.7
FL0415,SG223,2023-04-18,4,Tuesday,0,SpiceJet,A321,SXR,IXC,319,10,43,220,178.0,81.3,2.0,2.0,2,2,6.1,25.0,0.0,34.2,48.0
FL0142,6E400,2023-08-29,8,Tuesday,0,IndiGo,B737,GOI,DEL,1600,9,147,162,158.0,98.0,7.0,,3,9,4.9,0.0,0.0,19.9,60.3
FL0081,UK706,2023-10-23,10,Monday,0,Vistara,B737,IXC,MAA,1574,5,127,162,135.0,83.4,3.0,3.0,2,6,0.6,0.0,0.0,11.2,27.1
FL0509,6E516,2023-06-28,6,Wednesday,0,IndiGo,A320,BHO,BLR,684,12,81,180,180.0,100.0,5.0,,2,7,1.7,0.0,0.0,18.9,33.7
FL0094,6E972,2023-10-28,10,Saturday,1,IndiGo,CRJ-900,IXC,BHO,1991,10,174,90,65.0,72.8,2.0,2.0,2,2,3.0,0.0,0.0,13.2,14.5
FL0764,6E941,2023-04-05,4,Wednesday,0,IndiGo,ATR72,DEL,JAI,260,20,53,70,49.0,71.2,1.0,4.0,9,4,13.8,0.0,0.0,15.3,37.9
FL0258,6E826,2023-09-20,9,Wednesday,0,IndiGo,A321,SXR,MAA,922,21,99,220,199.0,90.7,10.0,7.0,2,6,0.0,26.6,0.0,67.2,78.7
FL0281,6E744,2023-04-26,4,Wednesday,0,IndiGo,ATR72,PNQ,BOM,149,6,37,70,70.0,100.0,3.0,2.0,4,9,0.2,0.0,0.0,8.2,27.3
FL0426,SG888,2023-05-24,5,Wednesday,0,SpiceJet,A320,LKO,IXB,1698,17,157,180,156.0,87.0,3.0,6.0,3,2,0.0,6.0,0.0,10.6,44.9
FL1151,6E690,2023-10-14,10,Saturday,1,IndiGo,A319,HYD,IXB,474,21,73,144,107.0,74.9,,1.0,6,2,1.9,3.1,0.0,9.0,31.5
FL0818,G8169,2023-07-24,7,Monday,0,GoFirst,A321,DEL,PNQ,1200,19,117,220,127.0,58.1,8.0,2.0,9,4,17.0,0.0,0.0,42.7,56.1
FL0180,6E419,2023-09-16,9,Saturday,1,IndiGo,A320,LKO,IXC,1776,16,153,180,164.0,91.5,9.0,10.0,3,2,0.0,,0.0,46.5,102.3
FL1247,AI571,2023-02-24,2,Friday,0,Air India,B777,PNQ,GAU,973,7,104,342,312.0,91.3,2.0,1.0,4,2,6.0,0.0,0.0,10.6,43.2
FL0763,6E452,2023-12-14,12,Thursday,0,IndiGo,ATR72,HYD,IXC,1167,21,117,70,53.0,76.1,1.0,2.0,6,2,1.9,0.0,0.0,6.4,34.6
FL0453,6E371,2023-02-17,2,Friday,0,IndiGo,B737,GAU,LKO,1877,15,171,162,129.0,80.1,9.0,8.0,2,3,0.0,0.0,0.0,22.2,55.4
FL0349,UK680,2023-06-10,6,Saturday,1,Vistara,B737,BOM,AMD,530,8,62,162,,77.5,8.0,6.0,9,4,21.4,0.0,0.0,52.9,58.1
FL0778,SG332,2023-11-09,11,Thursday,0,SpiceJet,B737,PAT,GAU,1688,8,148,162,138.0,85.5,4.0,4.0,2,2,0.0,0.0,0.0,6.1,13.8
FL0353,UK612,2023-01-18,1,Wednesday,0,Vistara,A321,PAT,MAA,1918,22,162,220,206.0,93.9,10.0,1.0,2,6,0.0,0.0,0.0,41.8,61.0
FL0239,AI916,2023-12-15,12,Friday,0,Air India,A319,PAT,JAI,682,11,72,144,126.0,87.9,4.0,9.0,2,4,5.5,0.0,0.0,8.9,62.6
FL0718,SG961,2023-08-30,8,Wednesday,0,SpiceJet,A320,PAT,BLR,1412,12,138,180,127.0,71.0,3.0,8.0,2,7,3.6,0.0,0.0,7.9,61.7
FL0650,6E979,2023-12-14,12,Thursday,0,IndiGo,A320,BHO,MAA,821,20,92,180,139.0,77.4,9.0,6.0,2,6,12.6,0.0,0.0,41.9,35.3
FL0697,G8523,2023-01-28,1,Saturday,1,GoFirst,A319,IXC,LKO,1831,7,168,144,141.0,98.2,3.0,2.0,2,3,4.7,0.0,0.0,11.1,52.7
FL0323,SG633,2023-11-13,11,Monday,0,SpiceJet,A319,JAI,PNQ,918,22,101,144,104.0,72.6,5.0,4.0,4,4,4.9,0.0,0.0,6.5,31.1
FL0833,6E645,2023-07-14,7,Friday,0,IndiGo,A320,GOI,COK,957,11,103,180,152.0,84.7,7.0,9.0,3,4,1.1,,0.0,43.4,88.3
FL0221,6E250,2023-09-04,9,Monday,0,IndiGo,A320,BLR,COK,520,13,55,180,164.0,91.4,9.0,9.0,7,4,0.0,0.0,0.0,26.3,56.6
FL0953,6E551,2023-12-16,12,Saturday,1,IndiGo,B737,HYD,BOM,620,20,75,162,153.0,94.7,5.0,10.0,6,9,11.8,0.0,0.0,32.4,103.1
FL0534,6E380,2023-11-10,11,Friday,0,IndiGo,A320,JAI,CCU,941,7,95,180,150.0,83.5,3.0,3.0,4,5,0.0,0.0,4.2,6.5,20.4
FL0072,UK672,2023-06-11,6,Sunday,1,Vistara,,HYD,ATQ,573,14,65,180,141.0,78.4,2.0,10.0,6,2,,0.0,0.0,16.9,74.3
FL0664,UK261,2023-03-21,3,Tuesday,0,Vistara,A320,CCU,BOM,1880,6,179,180,160.0,89.4,5.0,,5,9,0.0,0.0,0.0,19.7,54.5
FL1199,UK546,2023-05-30,5,Tuesday,0,Vistara,,MAA,BOM,1340,19,132,162,143.0,88.7,7.0,3.0,6,9,9.9,7.5,0.0,45.5,36.6
FL0213,6E331,2023-08-13,8,Sunday,1,IndiGo,A321,CCU,PNQ,999,22,101,220,177.0,,2.0,1.0,5,4,2.3,0.0,0.0,2.1,30.2
FL0684,6E974,2023-08-12,8,Saturday,1,IndiGo,A320,BHO,COK,1158,16,110,180,176.0,98.1,7.0,6.0,2,4,2.0,0.0,0.0,36.9,62.0
FL0782,UK836,2023-07-26,7,Wednesday,0,Vistara,B737,IXB,CCU,140,6,32,162,152.0,94.4,8.0,6.0,2,5,2.3,24.7,0.0,55.3,53.5
FL0023,SG187,2023-10-04,10,Wednesday,0,SpiceJet,B737,BOM,AMD,530,18,56,162,137.0,85.1,3.0,8.0,9,4,18.9,0.0,0.0,18.7,69.0
FL0825,AI869,2023-05-31,5,Wednesday,0,Air India,A319,VTZ,PAT,683,19,78,144,134.0,93.6,6.0,5.0,2,2,9.2,0.0,0.0,33.0,41.7
FL0193,6E179,2023-04-06,4,Thursday,0,IndiGo,A320,BLR,BHO,1819,12,173,180,130.0,72.7,4.0,1.0,7,2,6.3,8.0,3.5,20.2,20.8
FL0944,UK178,2023-05-30,5,Tuesday,0,Vistara,A320,IXC,BLR,464,6,58,180,143.0,79.5,3.0,6.0,2,7,6.7,0.0,0.0,8.4,47.0
FL0714,SG647,2023-10-30,10,Monday,0,SpiceJet,A321,VTZ,ATQ,684,7,78,220,180.0,82.3,1.0,4.0,2,2,9.4,62.5,0.0,87.8,78.4
FL1476,SG886,2023-04-18,4,Tuesday,0,SpiceJet,A321,CCU,HYD,1440,11,128,220,209.0,95.2,9.0,4.0,5,6,0.0,0.0,0.0,34.6,48.6
FL0537,6E643,2023-08-05,8,Saturday,1,IndiGo,B737,COK,PAT,328,7,41,162,121.0,75.0,10.0,8.0,4,2,0.9,0.0,0.0,43.9,81.7
FL0112,UK665,2023-07-20,7,Thursday,0,Vistara,B777,COK,GOI,1652,12,158,342,268.0,78.5,5.0,7.0,4,3,0.9,32.0,0.0,31.3,48.4
FL1466,UK199,2023-11-24,11,Friday,0,Vistara,A321,VTZ,BLR,612,5,71,220,184.0,83.7,2.0,1.0,2,7,7.7,0.0,0.0,12.9,20.3
FL0621,UK272,2023-12-08,12,Friday,0,Vistara,A320,IXB,VTZ,1046,15,115,180,146.0,81.6,4.0,1.0,2,2,0.0,0.0,0.0,12.0,14.1
FL1080,SG898,2023-06-06,6,Tuesday,0,SpiceJet,B737,BLR,DEL,1740,9,154,162,162.0,100.0,5.0,8.0,7,9,15.2,0.0,0.0,28.9,75.7
FL1067,AI370,2023-05-25,5,Thursday,0,Air India,A321,BHO,GOI,839,12,86,220,166.0,75.8,5.0,2.0,2,3,2.4,0.0,0.0,20.7,35.8
FL1481,UK183,2023-10-20,10,Friday,0,Vistara,A321,AMD,CCU,471,19,65,220,162.0,73.9,4.0,2.0,4,5,14.6,14.2,0.0,32.9,24.4
FL0690,6E673,2023-12-14,12,Thursday,0,IndiGo,A319,HYD,ATQ,1824,6,153,144,125.0,87.2,2.0,1.0,6,2,0.1,19.4,0.0,26.8,17.0
FL0174,6E699,2023-07-09,7,Sunday,1,IndiGo,A321,MAA,BLR,5500,8,49,220,179.0,81.6,4.0,7.0,6,7,0.0,26.4,0.0,27.7,69.0
FL1220,SG909,2023-11-14,11,Tuesday,0,SpiceJet,A320,ATQ,SXR,1270,22,125,180,127.0,70.7,4.0,5.0,2,2,0.0,11.3,0.0,18.8,45.1
FL0562,SG804,2023-03-03,3,Friday,0,SpiceJet,A320,IXB,PNQ,1671,22,135,180,131.0,73.2,,5.0,2,4,0.0,0.0,0.0,0.0,51.2
FL1204,AI679,2023-03-25,3,Saturday,1,Air India,A320,ATQ,IXC,1528,6,151,180,151.0,84.4,2.0,6.0,2,2,0.0,0.0,0.0,3.8,37.2
FL0003,6E529,2023-09-28,9,Thursday,0,IndiGo,B737,DEL,IXB,707,5,85,162,124.0,77.0,2.0,10.0,9,2,3.9,0.0,0.0,3.7,99.1
FL1420,AI565,2023-04-18,4,Tuesday,0,Air India,A321,COK,BLR,520,20,63,220,199.0,90.9,1.0,2.0,4,7,3.7,16.7,0.0,33.2,72.9
FL0677,AI143,2023-05-23,5,Tuesday,0,Air India,A320,VTZ,DEL,1320,9,122,180,155.0,86.2,6.0,1.0,2,9,0.0,0.0,0.0,21.0,39.0
FL1298,SG101,2023-09-18,9,Monday,0,SpiceJet,B777,PAT,GOI,313,6,43,342,261.0,76.6,,8.0,2,3,0.0,0.0,0.0,27.8,80.0
FL1468,AI461,2023-08-03,8,Thursday,0,Air India,B777,CCU,JAI,630,12,69,342,336.0,98.4,7.0,6.0,5,4,1.9,0.0,0.0,20.3,73.0
FL0837,UK208,2023-04-03,4,Monday,0,Vistara,A320,MAA,DEL,1760,16,148,180,130.0,72.5,3.0,10.0,6,9,5.7,0.0,0.0,11.4,75.8
FL0678,6E688,2023-01-01,1,Sunday,1,IndiGo,A320,VTZ,JAI,1308,18,132,180,133.0,74.4,6.0,8.0,2,4,0.0,0.0,0.0,22.6,64.7
FL1297,G8246,2023-01-20,1,Friday,0,GoFirst,A320,HYD,VTZ,300,8,44,180,151.0,84.2,5.0,2.0,6,2,,0.0,0.0,0.0,46.0
FL1095,6E504,2023-12-19,12,Tuesday,0,IndiGo,CRJ-900,VTZ,LKO,1714,15,149,90,65.0,72.3,4.0,2.0,2,3,5.1,0.0,0.0,18.6,31.6
FL0102,6E856,2023-03-04,3,Saturday,1,IndiGo,A320,HYD,IXB,1860,5,159,180,180.0,100.0,1.0,3.0,6,2,0.0,0.0,0.0,8.8,29.3
FL0005,6E194,2023-03-13,3,Monday,0,IndiGo,A321,AMD,MAA,740,5,74,220,181.0,82.5,8.0,1.0,4,6,0.0,0.0,0.0,34.5,39.3
FL1424,AI973,2023-01-12,1,Thursday,0,Air India,B737,DEL,MAA,1760,6,167,162,120.0,74.2,,8.0,9,6,0.0,0.0,0.0,44.5,94.6
FL0929,6E252,2023-04-21,4,Friday,0,IndiGo,A321,BHO,VTZ,755,21,69,220,142.0,65.0,6.0,3.0,2,2,3.1,0.0,0.0,20.6,24.1
FL0438,6E350,2023-12-12,12,Tuesday,0,IndiGo,ATR72,SXR,DEL,670,13,87,70,51.0,,2.0,,2,9,0.4,7.4,0.0,12.8,19.7
FL0930,6E616,2023-09-21,9,Thursday,0,IndiGo,A321,BHO,BOM,382,8,60,220,177.0,80.8,6.0,7.0,2,9,8.6,0.0,0.0,24.3,79.6
FL1079,BZ282,2023-04-21,4,Friday,0,Blue Dart,B737,BLR,IXB,1533,22,148,162,127.0,78.8,,7.0,7,2,11.0,0.0,0.0,18.1,67.5
FL1275,UK425,2023-07-01,7,Saturday,1,Vistara,A321,VTZ,IXC,1813,13,142,220,179.0,,4.0,7.0,2,2,0.0,0.0,0.0,3.4,65.9
FL0055,6E354,2023-02-22,2,Wednesday,0,IndiGo,B737,JAI,IXC,1942,17,172,162,137.0,85.0,10.0,9.0,4,2,,0.0,0.0,38.7,74.5
FL0110,AI539,2023-01-28,1,Saturday,1,Air India,A321,PAT,ATQ,1206,18,126,220,179.0,81.6,8.0,9.0,2,2,8.3,0.0,0.0,42.4,103.8
FL1338,UK774,2023-05-26,5,Friday,0,Vistara,ATR72,CCU,BHO,1888,13,186,70,60.0,86.1,8.0,2.0,5,2,16.4,0.0,0.0,46.6,44.1
FL0646,6E714,2023-05-28,5,Sunday,1,IndiGo,A321,MAA,HYD,520,20,76,220,161.0,73.6,4.0,,6,6,12.2,41.2,0.0,56.8,35.4
FL0589,AI801,2023-02-11,2,Saturday,1,Air India,A320,BOM,BHO,1093,22,116,180,132.0,73.5,9.0,2.0,9,2,0.5,0.0,0.0,25.6,43.8
FL0101,SG838,2023-05-16,5,Tuesday,0,SpiceJet,A321,LKO,ATQ,854,7,93,220,177.0,80.8,4.0,3.0,3,2,2.7,10.1,0.0,18.3,55.8
FL1359,6E639,2023-04-08,4,Saturday,1,IndiGo,A321,PNQ,BHO,515,22,73,220,175.0,79.9,4.0,4.0,4,2,4.3,0.0,0.0,7.9,27.8
FL1417,UK477,2023-10-18,10,Wednesday,0,Vistara,B737,PAT,MAA,1213,18,129,162,126.0,78.1,4.0,1.0,2,6,7.4,30.9,0.0,45.2,27.7
FL1487,6E911,2023-01-04,1,Wednesday,0,IndiGo,B737,MAA,ATQ,602,6,68,162,120.0,74.3,3.0,3.0,6,2,2.9,0.0,0.0,4.9,13.4
FL1081,6E853,2023-10-16,10,Monday,0,IndiGo,A321,MAA,HYD,520,12,74,220,203.0,92.6,3.0,1.0,6,6,4.8,35.5,0.0,41.6,25.3
FL0947,UK164,2023-03-11,3,Saturday,1,Vistara,A320,BHO,ATQ,1810,21,176,180,,91.3,6.0,1.0,2,2,,0.0,0.0,23.3,34.7
FL1146,SG900,2023-10-20,10,Friday,0,SpiceJet,B737,ATQ,VTZ,934,9,100,162,120.0,74.3,4.0,3.0,2,2,14.2,0.0,0.0,19.1,32.5
FL0406,6E599,2023-06-29,6,Thursday,0,IndiGo,A321,SXR,AMD,1722,18,165,220,144.0,,7.0,7.0,2,4,11.1,0.0,0.0,27.9,55.2
FL1379,SG257,2023-10-23,10,Monday,0,SpiceJet,A321,HYD,IXC,1307,22,115,220,161.0,73.5,2.0,6.0,6,2,3.1,9.5,0.0,19.0,55.4
FL1463,6E887,2023-01-07,1,Saturday,1,IndiGo,A320,BLR,AMD,741,14,91,180,108.0,60.5,2.0,2.0,7,4,10.0,0.0,0.0,16.1,22.4
FL0158,AI435,2023-10-11,10,Wednesday,0,Air India,A320,ATQ,DEL,380,19,49,180,152.0,84.8,3.0,,2,9,0.0,0.0,0.0,0.0,58.2
FL0805,6E350,2023-02-20,2,Monday,0,IndiGo,A320,IXC,BHO,1204,5,109,180,138.0,77.2,5.0,2.0,2,2,4.7,25.2,0.0,33.4,18.6
FL1116,SG552,2023-08-31,8,Thursday,0,SpiceJet,B787,HYD,PNQ,1040,22,105,296,258.0,87.4,5.0,,6,4,10.2,33.7,0.0,56.9,86.5
FL0906,UK930,2023-04-29,4,Saturday,1,Vistara,A319,ATQ,PNQ,429,17,57,144,113.0,78.6,3.0,2.0,2,4,0.7,0.0,0.0,8.1,47.7
FL1171,6E102,2023-07-21,7,Friday,0,IndiGo,A319,VTZ,JAI,332,17,53,144,104.0,,7.0,2.0,2,4,5.1,,0.0,30.5,29.1
FL1179,SG679,2023-03-31,3,Friday,0,SpiceJet,A320,SXR,ATQ,649,8,79,180,141.0,78.4,1.0,5.0,2,2,16.0,0.0,0.0,23.9,39.7
FL0851,SG694,2023-08-21,8,Monday,0,SpiceJet,B737,ATQ,BOM,485,8,49,162,157.0,97.0,7.0,2.0,2,9,13.9,7.0,0.0,49.4,74.1
FL0478,SG401,2023-04-10,4,Monday,0,SpiceJet,,IXB,CCU,140,14,31,220,172.0,78.2,2.0,1.0,2,5,2.0,0.0,0.0,5.9,27.4
FL0723,6E115,2023-10-16,10,Monday,0,IndiGo,A320,COK,HYD,880,19,94,180,180.0,100.0,10.0,5.0,4,6,5.1,10.6,0.0,56.0,53.1
FL0673,G8177,2023-02-16,2,Thursday,0,GoFirst,A321,GOI,BLR,1117,10,100,220,205.0,93.2,1.0,3.0,3,7,5.2,0.0,0.0,11.3,15.2
FL0320,G8712,2023-10-13,10,Friday,0,GoFirst,B777,COK,BLR,520,20,66,342,243.0,71.2,2.0,2.0,4,7,13.1,9.0,4.8,30.0,64.4
FL0188,G8320,2023-08-22,8,Tuesday,0,GoFirst,ATR72,IXC,BHO,1294,22,111,70,70.0,100.0,6.0,7.0,2,2,0.0,0.0,0.0,21.5,75.6
FL1405,UK380,2023-06-03,6,Saturday,1,Vistara,B737,BHO,GAU,1331,17,133,162,119.0,73.9,9.0,5.0,2,2,6.9,0.0,0.0,43.8,53.3
FL0225,6E320,2023-05-03,5,Wednesday,0,IndiGo,B737,IXC,DEL,250,21,52,162,139.0,85.8,4.0,2.0,2,9,0.0,0.0,3.9,3.3,64.8
FL0487,SG594,2023-11-21,11,Tuesday,0,SpiceJet,A320,BLR,LKO,1850,19,185,180,141.0,78.9,2.0,3.0,7,3,0.0,0.0,0.0,0.0,39.4
FL0287,AI457,2023-08-15,8,Tuesday,0,Air India,A320,GOI,COK,1713,19,145,180,129.0,72.0,7.0,9.0,3,4,11.8,0.0,0.0,25.5,110.7
FL0567,SG423,2023-01-19,1,Thursday,0,SpiceJet,A320,IXC,VTZ,1217,17,130,180,152.0,84.7,3.0,4.0,2,2,0.0,15.0,0.0,13.5,33.8
FL1358,AI110,2023-06-17,6,Saturday,1,Air India,ATR72,JAI,AMD,599,5,77,70,59.0,,9.0,4.0,4,4,0.7,0.0,0.0,40.5,55.4
FL1380,6E331,2023-01-11,1,Wednesday,0,IndiGo,B737,ATQ,DEL,380,14,55,162,121.0,74.9,3.0,3.0,2,9,0.0,32.5,0.0,38.5,41.0
FL0556,6E510,2023-10-06,10,Friday,0,IndiGo,A320,AMD,BLR,1063,19,109,180,145.0,80.6,2.0,3.0,4,7,10.3,0.0,0.0,11.8,68.8
FL0766,6E735,2023-02-08,2,Wednesday,0,IndiGo,B737,BLR,MAA,340,9,52,162,128.0,,5.0,7.0,7,6,17.3,0.0,0.0,17.7,37.6
FL1492,SG536,2023-04-18,4,Tuesday,0,SpiceJet,ATR72,IXC,BHO,1140,5,107,70,,73.8,8.0,1.0,2,2,2.8,0.0,0.0,28.0,23.0
FL0164,SG943,2023-10-11,10,Wednesday,0,SpiceJet,B737,PAT,AMD,688,19,68,162,139.0,86.0,4.0,2.0,2,4,4.1,0.0,0.0,6.1,40.6
FL0925,SG275,2023-04-21,4,Friday,0,SpiceJet,A321,MAA,HYD,520,22,62,220,147.0,67.2,7.0,6.0,6,6,0.0,0.0,0.0,12.9,51.5
FL1005,6E719,2023-09-18,9,Monday,0,IndiGo,A320,BLR,SXR,1688,11,148,180,134.0,,4.0,6.0,7,2,0.0,0.0,0.0,5.5,31.5
FL0073,SG262,2023-07-21,7,Friday,0,SpiceJet,B737,IXC,GAU,1173,21,115,162,141.0,87.4,7.0,6.0,2,2,3.2,,0.0,35.9,71.8
FL1428,S5250,2023-11-01,11,Wednesday,0,StarAir,B787,DEL,AMD,890,13,103,296,161.0,54.7,7.0,8.0,9,4,0.0,24.3,0.0,35.2,70.5
FL1384,6E221,2023-10-22,10,Sunday,1,IndiGo,B737,CCU,PNQ,1281,16,125,162,98.0,60.8,3.0,3.0,5,4,0.4,0.0,0.0,0.0,34.5
FL0981,6E806,2023-05-13,5,Saturday,1,IndiGo,A320,SXR,PNQ,685,11,81,180,140.0,78.3,5.0,,2,4,0.9,0.0,0.0,10.3,9.3
FL0071,UK151,2023-02-13,2,Monday,0,Vistara,B737,PNQ,CCU,1946,17,161,162,150.0,92.7,3.0,5.0,4,5,3.2,0.0,0.0,5.2,35.6
FL0163,G8760,2023-05-14,5,Sunday,1,GoFirst,A321,LKO,HYD,1704,10,145,220,136.0,62.1,3.0,3.0,3,6,3.0,0.0,0.0,2.5,6.9
FL1387,UK794,2023-11-06,11,Monday,0,Vistara,B737,SXR,DEL,670,6,79,162,137.0,84.7,3.0,5.0,2,9,8.3,0.0,0.0,22.7,38.2
FL0290,AI675,2023-06-02,6,Friday,0,Air India,A321,AMD,SXR,738,6,77,220,193.0,87.8,5.0,7.0,4,2,8.4,19.9,0.0,47.9,63.9
FL0660,6E841,2023-06-22,6,Thursday,0,IndiGo,ATR72,BLR,GOI,754,11,84,70,61.0,87.6,8.0,7.0,7,3,,0.0,0.0,35.5,51.5
FL0060,6E720,2023-07-25,7,Tuesday,0,IndiGo,ATR72,HYD,IXC,1007,8,91,70,52.0,75.4,9.0,9.0,6,2,7.9,0.0,0.0,35.2,65.8
FL0954,G8452,2023-04-05,4,Wednesday,0,GoFirst,A320,CCU,PNQ,1451,6,144,180,160.0,89.3,4.0,1.0,5,4,0.0,,0.0,0.0,25.6
FL1117,UK241,2023-10-19,10,Thursday,0,Vistara,B777,HYD,CCU,1440,12,139,342,236.0,69.3,3.0,4.0,6,5,6.2,0.0,0.0,11.4,17.0
FL1408,G8323,2023-10-23,10,Monday,0,GoFirst,A320,PAT,AMD,723,12,66,180,138.0,77.1,2.0,5.0,2,4,,6.1,0.0,11.3,32.1
FL0634,AI328,2023-04-01,4,Saturday,1,Air India,A320,IXB,BLR,1358,11,125,180,162.0,90.3,1.0,7.0,2,7,7.6,0.0,0.0,12.9,53.1
FL0182,6E926,2023-07-17,7,Monday,0,IndiGo,A321,GAU,LKO,535,16,72,220,181.0,82.6,10.0,9.0,2,3,3.4,0.0,0.0,32.5,46.7
FL0593,AI264,2023-05-13,5,Saturday,1,Air India,B737,PAT,BOM,1177,20,106,162,125.0,77.3,2.0,2.0,2,9,9.2,2.4,0.0,17.9,77.6
FL1381,AI931,2023-06-13,6,Tuesday,0,Air India,B787,LKO,GOI,1046,15,100,296,272.0,92.0,10.0,8.0,3,3,0.0,0.0,0.0,45.7,92.0
FL1031,6E216,2023-11-16,11,Thursday,0,IndiGo,B777,CCU,GOI,1706,15,160,342,313.0,91.5,4.0,3.0,5,3,9.3,,0.0,20.3,29.3
FL1168,UK225,2023-05-29,5,Monday,0,Vistara,A321,GAU,VTZ,443,14,68,220,196.0,89.3,,1.0,2,2,5.1,0.0,0.0,11.3,18.7
FL1169,6E425,2023-11-05,11,Sunday,1,IndiGo,A321,AMD,IXC,731,8,91,220,171.0,77.9,6.0,5.0,4,2,5.5,0.0,0.0,31.5,34.7
FL0783,6E523,2023-08-17,8,Thursday,0,IndiGo,,JAI,MAA,1789,15,157,70,36.0,52.7,6.0,7.0,4,6,0.0,8.2,0.0,23.9,61.8
FL0437,SG790,2023-02-27,2,Monday,0,SpiceJet,B737,LKO,CCU,822,13,90,162,123.0,76.1,2.0,1.0,3,5,,0.0,0.0,0.0,25.1
FL1134,SG934,2023-12-29,12,Friday,0,SpiceJet,ATR72,GAU,PNQ,1017,21,91,70,53.0,76.5,2.0,1.0,2,4,0.3,32.0,0.0,35.4,59.4
FL0243,6E472,2023-12-12,12,Tuesday,0,IndiGo,B737,AMD,BOM,530,6,58,162,127.0,78.8,9.0,5.0,4,9,1.7,33.5,0.0,62.8,30.6
FL1330,SG500,2023-06-03,6,Saturday,1,SpiceJet,A319,JAI,IXC,1688,13,144,144,126.0,87.7,6.0,6.0,4,2,4.1,0.0,0.0,31.4,69.6
FL0435,SG636,2023-10-02,10,Monday,0,SpiceJet,ATR72,HYD,DEL,1253,11,128,70,69.0,,3.0,3.0,6,9,7.1,9.2,0.0,20.3,57.1
FL0761,G8300,2023-10-15,10,Sunday,1,GoFirst,A321,ATQ,IXB,705,17,84,220,219.0,100.0,5.0,9.0,2,2,14.0,0.0,0.0,33.0,96.1
FL1017,AI681,2023-09-22,9,Friday,0,Air India,A319,GAU,JAI,376,9,55,144,116.0,80.7,8.0,10.0,2,4,4.5,0.0,0.0,33.0,108.6
FL1062,UK340,2023-12-19,12,Tuesday,0,Vistara,B737,AMD,BLR,495,9,62,162,149.0,92.6,6.0,10.0,4,7,10.8,0.0,1.2,27.1,106.7
FL0743,SG781,2023-07-16,7,Sunday,1,SpiceJet,A320,HYD,VTZ,300,9,40,180,144.0,80.6,,3.0,6,2,15.9,0.0,0.0,38.5,27.5
FL0755,6E888,2023-03-19,3,Sunday,1,IndiGo,B777,LKO,IXC,1153,11,126,342,216.0,63.4,2.0,1.0,3,2,3.4,0.0,0.0,13.4,19.5
FL0587,6E467,2023-04-19,4,Wednesday,0,IndiGo,A321,BOM,JAI,960,17,89,220,168.0,76.4,1.0,1.0,9,4,21.0,0.0,0.0,29.6,49.5
FL1447,AI243,2023-09-25,9,Monday,0,Air India,B737,IXB,BHO,606,6,68,162,145.0,89.5,4.0,2.0,2,2,7.3,0.0,0.0,8.0,32.9
FL0934,UK574,2023-04-11,4,Tuesday,0,Vistara,CRJ-900,IXC,VTZ,1830,15,176,90,72.0,80.2,8.0,1.0,2,2,2.3,0.0,0.0,30.9,30.2
FL0868,I5867,2023-04-17,4,Monday,0,AirAsia India,A320,GOI,JAI,643,15,83,180,153.0,85.1,4.0,1.0,3,4,0.1,10.1,0.0,9.8,22.4
FL0144,AI799,2023-04-06,4,Thursday,0,Air India,A321,CCU,BLR,1670,8,162,220,215.0,97.8,2.0,7.0,5,7,9.0,0.0,0.0,16.8,67.3
FL0555,G8466,2023-01-13,1,Friday,0,GoFirst,A320,DEL,CCU,1305,20,130,180,134.0,74.6,2.0,8.0,9,5,9.7,0.0,0.0,12.0,89.1
FL0399,AI459,2023-07-09,7,Sunday,1,Air India,A321,HYD,AMD,729,11,86,220,220.0,100.0,6.0,10.0,6,4,0.0,0.0,0.0,20.0,95.5
FL0468,SG772,2023-10-12,10,Thursday,0,SpiceJet,B787,LKO,VTZ,776,9,84,296,187.0,63.4,4.0,2.0,3,2,0.0,0.0,0.0,12.4,31.8
FL0822,S5678,2023-08-28,8,Monday,0,StarAir,B777,IXC,BHO,1820,8,172,342,308.0,90.3,10.0,7.0,2,2,12.1,25.6,0.0,58.2,78.5
FL0806,6E251,2023-03-22,3,Wednesday,0,IndiGo,A320,VTZ,GAU,1979,9,201,180,153.0,85.5,6.0,7.0,2,2,6.1,0.0,10.7,24.3,50.5
FL0496,I5648,2023-11-21,11,Tuesday,0,AirAsia India,A320,GAU,BOM,1092,10,113,180,152.0,84.8,7.0,1.0,2,9,0.0,0.0,0.0,12.4,30.1
FL0725,AI611,2023-05-26,5,Friday,0,Air India,A319,VTZ,MAA,1060,7,122,144,104.0,,4.0,1.0,2,6,12.3,0.0,0.0,26.9,33.1
FL0317,SG574,2023-01-27,1,Friday,0,SpiceJet,B737,MAA,AMD,307,13,50,162,79.0,49.0,2.0,1.0,6,4,1.5,0.0,0.0,3.8,20.2
FL0528,6E443,2023-09-21,9,Thursday,0,IndiGo,B737,AMD,IXB,1862,13,146,162,142.0,88.2,2.0,6.0,4,2,2.3,0.0,0.0,7.1,46.0
FL1088,UK682,2023-07-15,7,Saturday,1,Vistara,ATR72,SXR,BHO,1145,13,116,70,70.0,100.0,,4.0,2,2,5.8,0.0,0.0,22.4,29.9
FL0915,6E775,2023-01-25,1,Wednesday,0,IndiGo,ATR72,LKO,IXB,1339,13,130,70,58.0,84.2,9.0,5.0,3,2,0.0,0.0,0.0,31.5,48.5
FL0433,I5267,2023-04-30,4,Sunday,1,AirAsia India,B777,HYD,DEL,1253,21,117,342,310.0,90.8,,1.0,6,9,4.5,0.0,0.0,1.4,26.4
FL0047,S5388,2023-06-16,6,Friday,0,StarAir,ATR72,AMD,HYD,519,7,57,70,47.0,68.2,7.0,7.0,4,6,9.6,0.0,0.0,29.7,34.4
FL0394,UK133,2023-12-08,12,Friday,0,Vistara,A320,BLR,VTZ,363,22,50,180,173.0,96.4,2.0,5.0,7,2,,0.0,0.0,0.0,35.4
FL0398,6E936,2023-03-04,3,Saturday,1,IndiGo,A320,GOI,BOM,450,13,66,180,147.0,82.2,5.0,2.0,3,9,6.3,,0.0,8.3,22.3
FL0032,AI982,2023-06-19,6,Monday,0,Air India,A321,HYD,BOM,620,13,73,220,126.0,,8.0,7.0,6,9,0.0,0.0,0.0,28.6,66.4
FL1336,UK446,2023-03-16,3,Thursday,0,Vistara,B737,ATQ,CCU,407,6,57,162,104.0,64.6,,2.0,2,5,0.0,0.0,0.0,2.4,25.3
FL0982,I5938,2023-11-22,11,Wednesday,0,AirAsia India,ATR72,GAU,HYD,1154,10,109,70,56.0,80.7,3.0,5.0,2,6,0.0,0.0,0.0,0.0,18.7
FL0931,6E200,2023-08-24,8,Thursday,0,IndiGo,A321,SXR,PAT,1281,21,124,220,198.0,,10.0,6.0,2,2,7.5,0.0,0.0,34.3,36.8
FL0658,UK264,2023-06-22,6,Thursday,0,Vistara,B737,JAI,IXB,1557,20,152,162,137.0,84.6,5.0,10.0,4,2,5.1,0.0,0.0,11.2,67.6
FL0627,SG501,2023-10-19,10,Thursday,0,SpiceJet,A321,GAU,IXB,1266,15,133,220,197.0,89.9,1.0,10.0,2,2,8.7,0.0,0.0,8.3,67.9
FL1333,6E398,2023-04-08,4,Saturday,1,IndiGo,B737,IXC,CCU,1482,16,142,162,155.0,95.8,2.0,4.0,2,5,7.6,0.0,0.0,5.3,22.5
FL0628,SG472,2023-03-11,3,Saturday,1,SpiceJet,A319,GOI,MAA,1251,6,106,144,110.0,76.8,1.0,5.0,3,6,2.8,0.0,0.0,9.2,34.6
FL0132,6E701,2023-12-25,12,Monday,0,IndiGo,B737,AMD,DEL,890,10,93,162,134.0,83.3,4.0,10.0,4,9,2.3,23.9,0.0,43.2,82.0
FL0588,6E343,2023-06-30,6,Friday,0,IndiGo,B737,VTZ,GAU,759,10,79,162,120.0,74.5,5.0,6.0,2,2,8.7,0.0,0.0,14.5,43.2
FL0306,6E482,2023-02-02,2,Thursday,0,IndiGo,B777,MAA,SXR,613,21,78,342,261.0,76.6,2.0,5.0,6,2,0.0,0.0,0.0,1.5,12.0
FL1089,6E858,2023-03-27,3,Monday,0,IndiGo,B737,AMD,VTZ,467,20,61,162,99.0,61.4,,4.0,4,2,7.5,0.0,1.3,18.1,27.3
FL0282,SG295,2023-03-16,3,Thursday,0,SpiceJet,B777,MAA,AMD,364,13,60,342,322.0,94.2,1.0,2.0,6,4,3.4,0.0,0.0,7.0,24.9
FL1136,AI183,2023-05-21,5,Sunday,1,Air India,ATR72,IXC,HYD,600,11,66,70,42.0,60.7,,6.0,2,6,1.9,0.0,0.0,4.2,45.7
FL0285,6E659,2023-12-06,12,Wednesday,0,IndiGo,B737,PAT,JAI,654,5,85,162,151.0,93.5,3.0,7.0,2,4,,0.0,0.0,6.8,53.3
FL0024,6E269,2023-06-10,6,Saturday,1,IndiGo,A321,GAU,MAA,562,22,75,220,176.0,80.4,6.0,4.0,2,6,0.0,0.0,0.0,15.2,41.2
FL0472,AI338,2023-04-04,4,Tuesday,0,Air India,B787,GAU,GOI,659,13,68,296,240.0,81.2,5.0,5.0,2,3,0.0,0.0,0.0,4.7,47.0
FL0781,SG888,2023-10-30,10,Monday,0,SpiceJet,ATR72,GOI,GAU,576,11,82,70,70.0,100.0,4.0,4.0,3,2,0.6,0.0,0.0,10.4,33.0
FL1341,6E707,2023-02-11,2,Saturday,1,IndiGo,B777,IXB,ATQ,860,12,96,342,270.0,79.1,1.0,7.0,2,2,2.7,0.0,0.0,9.7,48.7
FL0577,AI620,2023-12-05,12,Tuesday,0,Air India,A320,BOM,IXB,1186,11,129,180,145.0,,,3.0,9,2,,0.0,0.0,20.9,48.2
FL0016,AI263,2023-05-11,5,Thursday,0,Air India,A320,BLR,BOM,980,20,107,180,119.0,66.5,,2.0,7,9,34.6,0.0,0.0,44.9,74.8
FL1201,6E700,2023-06-05,6,Monday,0,IndiGo,A320,VTZ,JAI,896,14,81,180,151.0,84.2,9.0,8.0,2,4,0.0,0.0,9.4,44.7,63.1
FL0735,SG774,2023-11-11,11,Saturday,1,SpiceJet,B737,JAI,IXC,1612,21,151,162,152.0,94.4,3.0,1.0,4,2,5.2,16.6,0.0,25.5,43.8
FL0314,SG884,2023-02-20,2,Monday,0,SpiceJet,A320,BOM,JAI,960,15,102,180,160.0,88.9,1.0,9.0,9,4,2.9,0.0,0.0,5.0,57.2
FL0365,BZ440,2023-05-31,5,Wednesday,0,Blue Dart,B737,HYD,CCU,1440,20,128,162,95.0,58.9,1.0,4.0,6,5,12.9,31.8,0.0,46.6,76.9
FL0154,UK944,2023-11-23,11,Thursday,0,Vistara,B777,SXR,GAU,858,11,87,342,276.0,80.7,4.0,1.0,2,2,1.8,0.0,0.0,9.6,25.2
FL0382,G8573,2023-02-05,2,Sunday,1,GoFirst,A321,CCU,IXB,140,20,38,220,197.0,89.6,1.0,4.0,5,2,17.9,8.9,0.0,36.1,59.8
FL0114,AI339,2023-09-25,9,Monday,0,Air India,B777,GOI,JAI,1739,19,171,342,329.0,96.5,3.0,3.0,3,4,0.0,0.0,0.0,0.6,42.5
FL1300,AI212,2023-09-13,9,Wednesday,0,Air India,B737,CCU,MAA,1640,21,154,162,,82.6,9.0,8.0,5,6,3.8,10.6,0.0,47.8,102.7
FL0169,SG859,2023-10-13,10,Friday,0,SpiceJet,A320,IXB,JAI,332,14,56,180,148.0,82.5,8.0,1.0,2,4,4.0,,0.2,28.2,43.6
FL1181,6E794,2023-10-21,10,Saturday,1,IndiGo,ATR72,PNQ,GAU,1792,20,185,70,50.0,71.8,4.0,1.0,4,2,7.6,0.0,0.0,9.3,12.5
FL1443,6E348,2023-07-17,7,Monday,0,IndiGo,B737,IXC,MAA,1429,9,136,162,98.0,60.6,1.0,6.0,2,6,13.4,0.0,0.0,14.5,24.0
FL1433,I5611,2023-10-30,10,Monday,0,AirAsia India,A320,GOI,JAI,1013,13,96,180,169.0,94.2,2.0,4.0,3,4,6.4,0.0,0.0,4.7,27.2
FL0549,UK306,2023-05-31,5,Wednesday,0,Vistara,A320,COK,PNQ,1893,6,172,180,173.0,96.6,1.0,7.0,4,4,2.5,0.0,0.0,8.9,48.7
FL0329,AI295,2023-02-18,2,Saturday,1,Air India,B777,BLR,ATQ,1059,20,112,342,312.0,91.5,9.0,1.0,7,2,,0.0,0.0,59.4,81.1
FL0131,UK524,2023-09-12,9,Tuesday,0,Vistara,B737,MAA,BLR,340,21,57,162,129.0,79.8,8.0,8.0,6,7,9.4,10.4,0.0,44.7,113.5
FL0521,6E444,2023-10-29,10,Sunday,1,IndiGo,,VTZ,GOI,911,9,106,220,172.0,78.2,3.0,4.0,2,3,0.0,0.0,0.0,10.0,8.0
FL0737,SG638,2023-06-26,6,Monday,0,SpiceJet,A321,BOM,VTZ,1614,8,146,220,205.0,93.5,4.0,8.0,9,2,22.3,0.0,0.0,21.4,94.1
FL0936,G8376,2023-06-29,6,Thursday,0,GoFirst,B787,PAT,JAI,1387,9,129,296,227.0,76.7,7.0,8.0,2,4,3.0,0.0,0.0,22.3,64.0
FL0797,SG704,2023-12-13,12,Wednesday,0,SpiceJet,B737,PAT,IXC,962,14,106,162,121.0,74.8,8.0,4.0,2,2,0.0,0.0,0.0,43.0,40.9
FL0264,AI595,2023-01-02,1,Monday,0,Air India,B737,IXC,BLR,1710,16,146,162,145.0,89.8,2.0,9.0,2,7,,0.0,0.0,3.1,95.1
FL0268,6E420,2023-02-06,2,Monday,0,IndiGo,A320,PNQ,CCU,1966,11,178,180,180.0,100.0,5.0,1.0,4,5,,0.0,0.0,3.9,27.9
FL1188,AI960,2023-06-28,6,Wednesday,0,Air India,B787,DEL,VTZ,1320,17,126,296,244.0,82.5,6.0,5.0,9,2,12.6,0.0,0.0,29.5,48.2
FL0579,UK380,2023-03-10,3,Friday,0,Vistara,A320,PAT,IXC,1547,11,141,180,147.0,81.7,4.0,1.0,2,2,0.0,0.0,0.0,0.0,9.9
FL1027,UK578,2023-03-17,3,Friday,0,Vistara,B737,ATQ,COK,1653,8,164,162,98.0,61.0,6.0,5.0,2,4,,0.0,0.0,22.3,12.5
FL1112,6E598,2023-06-22,6,Thursday,0,IndiGo,A320,BHO,HYD,1564,10,148,180,170.0,94.6,5.0,3.0,2,6,3.2,0.0,0.0,9.4,22.5
FL0603,UK650,2023-03-15,3,Wednesday,0,Vistara,B737,BLR,MAA,340,18,39,162,102.0,63.0,3.0,6.0,7,6,16.7,1.2,0.0,17.1,54.5
FL1242,UK477,2023-05-11,5,Thursday,0,Vistara,B787,PNQ,JAI,1650,21,134,296,272.0,92.1,6.0,1.0,4,4,4.0,0.0,0.0,15.0,29.8
FL1215,I5751,2023-09-14,9,Thursday,0,AirAsia India,ATR72,GAU,PAT,1722,16,152,70,65.0,93.6,8.0,8.0,2,2,2.9,0.0,0.0,23.7,52.6
FL0796,6E812,2023-12-01,12,Friday,0,IndiGo,A321,BLR,GAU,531,18,57,220,178.0,81.2,5.0,4.0,7,2,19.1,15.0,0.0,48.6,61.4
FL0994,6E879,2023-05-22,5,Monday,0,IndiGo,ATR72,PAT,IXC,738,21,75,70,47.0,,4.0,3.0,2,2,0.0,0.0,0.0,0.0,24.5
FL0215,AI951,2023-05-10,5,Wednesday,0,Air India,B737,JAI,MAA,1523,17,126,162,162.0,100.0,2.0,,4,6,5.6,0.0,0.0,13.4,70.5
FL0855,UK154,2023-02-03,2,Friday,0,Vistara,B737,GOI,BOM,450,9,71,162,134.0,82.9,5.0,1.0,3,9,6.5,0.0,0.0,18.0,48.0
FL0244,AI548,2023-05-27,5,Saturday,1,Air India,B777,DEL,CCU,1305,22,130,342,264.0,77.4,6.0,4.0,9,5,1.2,0.0,0.0,20.5,50.0
FL0157,6E480,2023-03-27,3,Monday,0,IndiGo,B777,LKO,AMD,1497,13,146,342,337.0,98.6,2.0,5.0,3,4,5.1,0.0,0.0,6.2,34.4
FL1011,G8675,2023-03-25,3,Saturday,1,GoFirst,B737,ATQ,IXB,1703,21,169,162,129.0,80.0,1.0,6.0,2,2,0.0,0.0,0.0,2.9,58.6
FL1304,UK372,2023-12-21,12,Thursday,0,Vistara,A320,ATQ,SXR,1677,17,177,180,154.0,86.0,4.0,1.0,2,2,0.0,0.0,1.2,8.9,31.4
FL0539,UK146,2023-09-06,9,Wednesday,0,Vistara,B737,PAT,GAU,1505,8,140,162,100.0,62.3,8.0,7.0,2,2,6.1,0.0,0.0,37.0,49.3
FL0333,6E367,2023-06-07,6,Wednesday,0,IndiGo,A320,GOI,BHO,9000,16,126,180,138.0,77.0,6.0,4.0,3,2,2.6,0.0,0.0,17.4,36.0
FL0709,AI915,2023-02-04,2,Saturday,1,Air India,B737,DEL,IXC,250,14,53,162,126.0,78.0,4.0,8.0,9,2,0.0,0.0,0.0,11.0,66.3
FL1074,6E196,2023-05-14,5,Sunday,1,IndiGo,B737,CCU,IXC,457,22,50,162,160.0,98.8,3.0,4.0,5,2,0.0,24.8,0.0,29.4,26.5
FL0439,UK136,2023-08-17,8,Thursday,0,Vistara,B737,LKO,BHO,607,5,78,162,126.0,78.3,,7.0,3,2,4.7,15.6,0.0,23.2,61.5
FL0669,AI688,2023-06-13,6,Tuesday,0,Air India,A321,HYD,GAU,827,11,94,220,171.0,77.8,10.0,6.0,6,2,2.5,0.0,0.0,48.9,78.2
FL0121,AI933,2023-06-21,6,Wednesday,0,Air India,B777,IXC,AMD,671,21,66,342,312.0,91.4,4.0,10.0,2,4,0.6,0.0,0.0,1.5,86.0
FL0373,I5990,2023-02-08,2,Wednesday,0,AirAsia India,B737,IXC,SXR,1492,6,143,162,110.0,67.9,2.0,3.0,2,2,0.8,,0.0,4.3,35.5
FL1316,6E264,2023-07-28,7,Friday,0,IndiGo,A320,BLR,MAA,340,19,53,180,127.0,70.6,7.0,5.0,7,6,,0.0,0.0,48.7,53.4
FL1450,G8996,2023-12-31,12,Sunday,1,GoFirst,A320,CCU,DEL,1305,21,128,180,158.0,87.9,4.0,4.0,5,9,2.7,0.0,0.0,1.0,35.9
FL0870,6E617,2023-02-17,2,Friday,0,IndiGo,A321,VTZ,DEL,1320,20,133,220,190.0,86.6,4.0,2.0,2,9,2.8,4.1,0.0,12.9,68.1
FL1306,6E444,2023-12-30,12,Saturday,1,IndiGo,B737,AMD,SXR,1269,11,121,162,119.0,73.5,4.0,9.0,4,2,0.0,0.0,0.0,215.0,55.7
FL1480,G8876,2023-05-11,5,Thursday,0,GoFirst,A320,BHO,SXR,737,5,78,180,144.0,80.5,3.0,9.0,2,2,0.0,30.3,0.0,37.2,76.0
FL1413,AI401,2023-04-14,4,Friday,0,Air India,A321,GAU,AMD,1778,12,152,220,199.0,90.5,4.0,,2,4,9.9,12.8,0.0,29.1,38.3
FL0748,6E106,2023-01-23,1,Monday,0,IndiGo,A320,DEL,GAU,1660,8,150,180,166.0,92.4,8.0,9.0,9,2,16.0,6.6,0.0,50.5,74.6
FL1207,6E926,2023-05-28,5,Sunday,1,IndiGo,A320,PNQ,SXR,1804,16,157,180,177.0,98.8,2.0,7.0,4,2,6.6,0.0,0.0,15.1,54.8
FL1485,6E840,2023-02-08,2,Wednesday,0,IndiGo,ATR72,DEL,IXB,1903,16,164,70,56.0,81.4,1.0,5.0,9,2,2.5,0.0,0.0,6.4,55.7
FL0429,I5308,2023-04-16,4,Sunday,1,AirAsia India,B777,GAU,MAA,868,9,102,342,286.0,83.8,5.0,5.0,2,6,11.5,18.3,0.0,295.0,45.4
FL0153,UK235,2023-06-09,6,Friday,0,Vistara,CRJ-900,BLR,JAI,969,6,95,90,71.0,,5.0,7.0,7,4,0.0,0.0,0.0,6.8,77.5
FL1296,SG415,2023-04-29,4,Saturday,1,SpiceJet,B737,GOI,GAU,1391,14,121,162,131.0,80.9,6.0,3.0,3,2,0.0,0.0,0.0,21.4,41.3
FL1475,AI576,2023-06-01,6,Thursday,0,Air India,A320,LKO,ATQ,1259,19,121,180,142.0,79.4,2.0,7.0,3,2,9.1,0.0,0.0,8.6,64.9
FL0118,6E852,2023-08-04,8,Friday,0,IndiGo,A319,ATQ,IXC,464,11,70,144,124.0,86.5,9.0,8.0,2,2,6.4,0.0,0.0,40.0,75.3
FL0674,SG287,2023-08-21,8,Monday,0,SpiceJet,A320,ATQ,JAI,1024,10,112,180,171.0,95.2,5.0,6.0,2,4,0.0,32.5,0.0,42.6,56.1
FL0196,AI180,2023-04-23,4,Sunday,1,Air India,A321,BHO,HYD,798,6,84,220,180.0,81.8,2.0,4.0,2,6,0.0,0.0,0.0,8.9,46.3
FL0657,G8319,2023-02-13,2,Monday,0,GoFirst,B737,PNQ,ATQ,1903,14,165,162,146.0,90.7,4.0,4.0,4,2,3.4,0.0,0.0,11.8,26.5
FL0740,6E954,2023-04-09,4,Sunday,1,IndiGo,A320,BOM,GOI,450,6,52,180,144.0,80.4,,5.0,9,3,4.5,0.0,0.0,10.9,29.6
FL1166,6E379,2023-11-15,11,Wednesday,0,IndiGo,A320,CCU,DEL,1305,21,115,180,170.0,94.5,3.0,3.0,5,9,0.0,26.5,0.0,31.2,41.6
FL1307,SG158,2023-10-07,10,Saturday,1,SpiceJet,A320,JAI,PNQ,1039,8,104,180,160.0,88.9,3.0,6.0,4,4,0.0,0.0,0.0,12.9,42.0
FL1069,6E136,2023-11-05,11,Sunday,1,IndiGo,B737,IXC,BOM,686,14,73,162,113.0,69.9,5.0,1.0,2,9,3.1,3.2,0.0,16.6,24.4
FL1280,SG341,2023-09-20,9,Wednesday,0,SpiceJet,B737,CCU,VTZ,1424,16,120,162,162.0,100.0,8.0,6.0,5,2,0.0,0.0,0.0,22.0,57.5
FL0853,UK913,2023-12-12,12,Tuesday,0,Vistara,A321,COK,PNQ,1695,22,159,220,216.0,98.4,7.0,,4,4,0.0,0.0,0.0,23.3,30.0
FL0733,6E164,2023-08-05,8,Saturday,1,IndiGo,A321,VTZ,LKO,1889,18,163,220,183.0,83.2,2.0,6.0,2,3,4.0,0.0,0.0,3.1,63.5
FL0903,AI119,2023-08-15,8,Tuesday,0,Air India,A321,PNQ,BLR,375,8,61,220,,,6.0,8.0,4,7,3.3,0.0,0.0,20.7,102.5
FL1292,G8128,2023-07-16,7,Sunday,1,GoFirst,B737,ATQ,BOM,1965,7,171,162,162.0,100.0,7.0,4.0,2,9,0.0,0.0,0.0,21.9,73.7
FL0397,SG853,2023-07-05,7,Wednesday,0,SpiceJet,A320,BOM,ATQ,1418,5,120,180,169.0,94.4,5.0,8.0,9,2,2.8,,0.0,295.0,106.4
FL0713,6E732,2023-07-16,7,Sunday,1,IndiGo,CRJ-900,CCU,MAA,1640,20,144,90,74.0,82.4,6.0,5.0,5,6,4.7,29.3,0.0,34.9,25.8
FL0786,S5614,2023-03-16,3,Thursday,0,StarAir,ATR72,LKO,BLR,1850,7,160,70,69.0,98.6,4.0,3.0,3,7,6.1,0.0,0.0,9.7,68.8
FL0998,SG790,2023-05-19,5,Friday,0,SpiceJet,B737,BLR,SXR,1690,7,141,162,127.0,79.0,,9.0,7,2,,0.0,2.0,21.8,86.2
FL0643,6E738,2023-08-08,8,Tuesday,0,IndiGo,B737,VTZ,MAA,1927,6,164,162,144.0,89.0,6.0,10.0,2,6,7.5,0.0,0.0,18.0,87.9
FL0672,AI952,2023-01-20,1,Friday,0,Air India,B737,JAI,IXC,1023,14,102,162,115.0,71.5,,8.0,4,2,0.0,0.0,4.1,39.3,73.3
FL0486,UK264,2023-09-03,9,Sunday,1,Vistara,ATR72,AMD,HYD,451,9,70,70,64.0,91.8,2.0,5.0,4,6,2.0,0.0,0.0,4.5,26.6
FL0914,UK642,2023-10-27,10,Friday,0,Vistara,B737,LKO,IXC,309,11,60,162,98.0,61.0,2.0,2.0,3,2,0.0,0.0,0.0,2.3,9.2
FL0038,UK853,2023-12-30,12,Saturday,1,Vistara,B737,MAA,PNQ,907,19,81,162,135.0,83.5,2.0,3.0,6,4,9.2,3.4,2.4,20.6,41.4
FL0758,SG192,2023-06-22,6,Thursday,0,SpiceJet,B737,BOM,BHO,1212,7,124,162,157.0,97.1,6.0,10.0,9,2,16.2,,0.0,30.0,106.1
FL0096,6E317,2023-12-11,12,Monday,0,IndiGo,ATR72,DEL,SXR,670,6,74,70,52.0,74.9,7.0,5.0,9,2,9.5,0.0,0.0,23.1,27.8
FL0640,6E284,2023-06-22,6,Thursday,0,IndiGo,B737,SXR,BOM,1472,13,133,162,124.0,76.9,9.0,8.0,2,9,0.0,,0.0,33.1,71.6
FL0028,AI438,2023-08-24,8,Thursday,0,Air India,ATR72,BOM,AMD,530,21,75,70,65.0,94.0,5.0,7.0,9,4,0.0,36.5,1.8,47.5,97.0
FL0859,UK247,2023-03-14,3,Tuesday,0,Vistara,B737,GOI,MAA,575,22,70,162,130.0,80.7,4.0,3.0,3,6,10.2,0.0,0.0,8.6,22.2
FL0140,UK800,2023-12-18,12,Monday,0,Vistara,A319,ATQ,IXB,373,10,51,144,99.0,69.1,1.0,3.0,2,2,3.1,0.0,0.0,13.2,9.9
FL0944,UK178,2023-05-30,5,Tuesday,0,Vistara,A320,IXC,BLR,464,6,58,180,143.0,79.5,3.0,6.0,2,7,6.7,0.0,0.0,8.4,47.0
FL1150,SG915,2023-04-02,4,Sunday,1,SpiceJet,B787,BLR,COK,520,12,72,296,263.0,89.0,4.0,3.0,7,4,7.2,0.0,0.0,13.6,32.7
FL0753,6E690,2023-05-25,5,Thursday,0,IndiGo,A321,ATQ,CCU,1299,7,142,220,158.0,72.2,,2.0,2,5,6.3,0.0,0.0,6.9,10.6
FL0950,UK965,2023-12-16,12,Saturday,1,Vistara,B737,AMD,PNQ,1291,21,128,162,151.0,93.6,5.0,7.0,4,4,0.0,0.0,0.0,14.4,72.1
FL0331,I5316,2023-06-21,6,Wednesday,0,AirAsia India,A321,ATQ,COK,981,7,97,220,160.0,72.9,7.0,8.0,2,4,,7.9,0.0,25.2,73.7
FL1138,6E698,2023-07-29,7,Saturday,1,IndiGo,A321,IXB,GAU,1362,20,134,220,169.0,77.2,7.0,7.0,2,2,1.4,0.0,0.0,24.9,52.7
FL0583,6E879,2023-05-31,5,Wednesday,0,IndiGo,ATR72,SXR,IXB,1721,7,163,70,54.0,77.5,5.0,3.0,2,2,7.8,0.0,0.0,8.1,26.5
FL0535,6E190,2023-04-24,4,Monday,0,IndiGo,B737,IXB,CCU,140,7,45,162,153.0,94.8,2.0,4.0,2,5,10.7,0.0,0.0,18.8,36.4
FL0793,SG150,2023-04-08,4,Saturday,1,SpiceJet,B787,PAT,BOM,1442,20,140,296,213.0,72.1,2.0,5.0,2,9,9.2,0.0,0.0,21.8,72.5
FL1349,I5460,2023-03-28,3,Tuesday,0,AirAsia India,B737,IXC,MAA,1481,16,136,162,155.0,96.1,2.0,4.0,2,6,5.1,0.0,0.0,6.5,35.3
FL0457,AI163,2023-07-08,7,Saturday,1,Air India,A321,IXC,HYD,1946,20,173,220,146.0,66.5,8.0,6.0,2,6,0.0,0.0,0.0,22.0,54.6
FL1214,G8913,2023-11-23,11,Thursday,0,GoFirst,A321,BLR,MAA,340,20,48,220,157.0,71.4,6.0,1.0,7,6,10.9,11.4,0.0,37.0,52.1
FL0404,UK502,2023-12-08,12,Friday,0,Vistara,A319,MAA,LKO,1996,10,164,144,,96.4,,4.0,6,3,0.0,41.3,0.0,43.5,44.5
FL1161,6E119,2023-12-12,12,Tuesday,0,IndiGo,B777,BHO,BLR,1291,6,133,342,291.0,85.3,3.0,5.0,2,7,3.1,22.6,0.0,30.1,64.1
FL0916,6E964,2023-05-25,5,Thursday,0,IndiGo,A320,BOM,PNQ,149,11,41,180,122.0,68.2,6.0,2.0,9,4,5.5,0.0,0.0,23.6,20.8
FL1458,SG149,2023-03-27,3,Monday,0,SpiceJet,B737,IXB,BOM,1454,12,129,162,128.0,79.2,2.0,4.0,2,9,0.0,0.0,0.0,0.0,20.6
FL0711,AI345,2023-03-23,3,Thursday,0,Air India,B787,PAT,BHO,751,13,88,296,231.0,78.2,2.0,4.0,2,2,5.5,3.7,0.0,11.7,22.0
FL1355,6E267,2023-10-14,10,Saturday,1,IndiGo,B737,LKO,VTZ,1646,22,141,162,148.0,91.4,3.0,4.0,3,2,2.1,0.0,0.0,2.1,31.7
FL0473,AI728,2023-08-26,8,Saturday,1,Air India,ATR72,DEL,GAU,1660,14,152,70,52.0,74.8,8.0,8.0,9,2,2.2,,0.0,36.6,93.3
FL0896,SG961,2023-01-03,1,Tuesday,0,SpiceJet,A320,BLR,PAT,1394,18,126,180,151.0,84.3,1.0,3.0,7,2,31.1,0.0,0.0,28.7,56.2
FL1052,6E186,2023-02-11,2,Saturday,1,IndiGo,A321,CCU,VTZ,1993,18,174,220,180.0,82.3,4.0,2.0,5,2,9.2,0.0,0.0,7.4,33.9
FL1064,BZ615,2023-03-04,3,Saturday,1,Blue Dart,A320,MAA,IXB,384,14,53,180,134.0,74.5,3.0,1.0,6,2,0.2,0.0,0.0,1.5,27.1
FL0134,AI492,2023-07-26,7,Wednesday,0,Air India,A319,IXC,JAI,686,10,82,144,141.0,98.6,6.0,6.0,2,4,3.9,0.0,0.0,13.9,45.8
FL0130,AI295,2023-08-06,8,Sunday,1,Air India,A320,ATQ,SXR,799,8,87,180,,83.3,7.0,4.0,2,2,1.0,0.0,0.0,24.9,75.5
FL0499,6E533,2023-10-07,10,Saturday,1,IndiGo,A320,CCU,COK,733,17,89,180,145.0,80.8,1.0,4.0,5,4,14.3,0.0,0.0,14.2,19.0
FL1028,6E305,2023-02-04,2,Saturday,1,IndiGo,A320,GAU,BHO,1459,17,139,180,159.0,,3.0,8.0,2,2,0.0,0.0,5.4,7.5,70.6
FL0693,6E180,2023-05-16,5,Tuesday,0,IndiGo,A321,JAI,GAU,1298,8,132,220,163.0,74.5,3.0,3.0,4,2,2.1,0.0,0.0,8.6,24.5
FL1055,AI476,2023-11-24,11,Friday,0,Air India,B777,PAT,IXC,1529,6,156,342,284.0,83.3,4.0,8.0,2,2,1.8,2.1,0.0,5.4,58.5
FL1313,AI990,2023-08-03,8,Thursday,0,Air India,A321,HYD,BHO,901,13,98,220,200.0,90.9,8.0,9.0,6,2,4.9,0.0,0.0,18.1,63.5
FL0179,6E786,2023-08-21,8,Monday,0,IndiGo,B737,GAU,BOM,1501,14,151,162,123.0,76.0,7.0,10.0,2,9,3.3,0.0,0.0,25.9,68.3
FL1006,AI885,2023-05-18,5,Thursday,0,Air India,A321,GOI,HYD,1856,9,164,220,181.0,82.5,1.0,1.0,3,6,14.8,2.5,0.0,18.3,40.6
FL1397,SG289,2023-02-05,2,Sunday,1,SpiceJet,A320,GOI,SXR,873,19,99,180,149.0,83.3,4.0,2.0,3,2,12.1,0.0,0.0,11.7,59.5
FL0837,UK208,2023-04-03,4,Monday,0,Vistara,A320,MAA,DEL,1760,16,148,180,130.0,72.5,3.0,10.0,6,9,5.7,0.0,0.0,11.4,75.8
FL0332,G8345,2023-08-08,8,Tuesday,0,GoFirst,A320,ATQ,PNQ,1724,21,148,180,137.0,76.4,2.0,7.0,2,4,3.2,0.0,0.0,10.1,46.8
FL0410,AI116,2023-02-23,2,Thursday,0,Air India,A320,BOM,MAA,1340,7,130,180,137.0,76.6,3.0,6.0,9,6,33.7,0.0,0.0,32.8,76.2
FL0245,SG680,2023-05-28,5,Sunday,1,SpiceJet,A320,BLR,AMD,1894,7,195,180,152.0,84.6,6.0,1.0,7,4,12.5,0.0,0.0,29.0,37.7
FL0284,AI778,2023-04-14,4,Friday,0,Air India,B737,BOM,CCU,1880,13,168,162,125.0,77.7,1.0,1.0,9,5,0.7,0.0,0.0,4.1,45.6
FL0754,I5180,2023-03-26,3,Sunday,1,AirAsia India,A320,GOI,BOM,450,7,63,180,151.0,84.0,1.0,2.0,3,9,9.5,0.0,0.0,12.2,53.5
FL0571,G8774,2023-03-17,3,Friday,0,GoFirst,A321,ATQ,LKO,1766,16,155,220,150.0,,1.0,3.0,2,3,0.0,0.0,0.0,4.4,32.3
FL0591,SG842,2023-08-11,8,Friday,0,SpiceJet,A320,LKO,VTZ,1419,9,138,180,125.0,69.6,8.0,9.0,3,2,4.2,0.0,0.0,33.0,113.4
FL0712,AI522,2023-09-13,9,Wednesday,0,Air India,B737,AMD,JAI,1628,10,148,162,143.0,88.4,7.0,4.0,4,4,0.0,0.0,0.0,23.3,34.4
FL1124,AI918,2023-09-11,9,Monday,0,Air India,B737,MAA,VTZ,418,8,60,162,122.0,75.4,8.0,9.0,6,2,0.0,0.0,0.0,26.4,83.9
FL0261,6E183,2023-12-12,12,Tuesday,0,IndiGo,B737,VTZ,JAI,1454,20,158,162,152.0,94.0,3.0,6.0,2,4,14.5,33.2,0.0,59.4,78.2
FL1051,AI994,2023-08-25,8,Friday,0,Air India,A320,MAA,IXC,1923,21,180,180,157.0,87.5,10.0,6.0,6,2,3.9,0.0,0.0,44.4,87.6
FL0706,6E259,2023-08-08,8,Tuesday,0,IndiGo,ATR72,PNQ,BLR,1204,7,108,70,52.0,75.2,8.0,2.0,4,7,8.7,0.0,0.0,35.8,49.7
FL0148,AI816,2023-05-23,5,Tuesday,0,Air India,B777,PNQ,BHO,1471,16,129,342,247.0,,5.0,4.0,4,2,9.7,0.0,0.0,14.9,34.6
FL0451,G8307,2023-05-06,5,Saturday,1,GoFirst,B737,PAT,JAI,951,16,111,162,137.0,84.9,3.0,1.0,2,4,0.0,0.0,0.0,8.0,33.0
FL1099,6E555,2023-10-30,10,Monday,0,IndiGo,A320,HYD,COK,880,19,94,180,142.0,79.4,2.0,2.0,6,4,12.7,0.0,0.0,18.4,17.5
FL0678,6E688,2023-01-01,1,Sunday,1,IndiGo,A320,VTZ,JAI,1308,18,132,180,133.0,74.4,6.0,8.0,2,4,0.0,0.0,0.0,22.6,64.7
FL0080,SG795,2023-07-09,7,Sunday,1,SpiceJet,A320,AMD,IXC,1294,22,117,180,103.0,57.7,9.0,6.0,4,2,1.9,13.2,0.0,46.3,91.1
FL1350,G8342,2023-04-27,4,Thursday,0,GoFirst,B777,SXR,COK,1708,8,166,342,247.0,72.2,,1.0,2,4,4.0,28.6,0.0,32.0,46.7
FL0752,6E851,2023-03-24,3,Friday,0,IndiGo,B737,GOI,BLR,1468,15,148,162,161.0,99.9,3.0,2.0,3,7,1.7,0.0,0.0,4.4,31.6
FL1165,I5735,2023-01-01,1,Sunday,1,AirAsia India,B737,BOM,DEL,1148,21,124,162,132.0,81.8,1.0,5.0,9,9,2.8,0.0,0.0,16.8,36.6
FL1118,6E928,2023-10-09,10,Monday,0,IndiGo,A320,IXC,BHO,1875,13,162,180,160.0,89.3,6.0,1.0,2,2,4.2,,0.0,29.4,24.2
FL0111,AI881,2023-05-15,5,Monday,0,Air India,B737,VTZ,BOM,1548,22,158,162,137.0,84.9,4.0,5.0,2,9,0.3,0.0,0.0,10.4,62.5
FL0237,SG295,2023-07-06,7,Thursday,0,SpiceJet,A320,PAT,IXB,1269,8,124,180,134.0,74.5,8.0,7.0,2,2,7.4,5.5,0.0,35.6,71.6
FL0270,UK151,2023-01-09,1,Monday,0,Vistara,A321,SXR,IXC,793,8,92,220,195.0,88.9,1.0,,2,2,0.0,,0.0,3.2,34.0
FL1128,I5499,2023-05-14,5,Sunday,1,AirAsia India,B737,PAT,COK,917,6,106,162,,89.6,4.0,3.0,2,4,7.7,11.7,0.0,26.6,37.6
FL0656,SG975,2023-02-27,2,Monday,0,SpiceJet,A320,IXB,LKO,1885,15,148,180,152.0,84.6,3.0,2.0,2,3,2.9,,0.0,0.0,23.4
FL0327,6E574,2023-02-04,2,Saturday,1,IndiGo,B737,PNQ,AMD,915,17,109,162,,93.7,1.0,5.0,4,4,10.4,0.0,0.0,15.1,46.8
FL0902,S5649,2023-10-21,10,Saturday,1,StarAir,B787,COK,GAU,1238,21,134,296,276.0,93.3,8.0,1.0,4,2,,0.0,0.0,31.5,39.0
FL1391,AI223,2023-06-01,6,Thursday,0,Air India,A320,CCU,PNQ,1510,17,151,180,157.0,,5.0,8.0,5,4,8.3,0.0,0.0,9.8,83.8
FL0328,6E361,2023-07-11,7,Tuesday,0,IndiGo,A320,BHO,IXC,1441,15,140,180,169.0,,10.0,10.0,2,2,4.3,0.0,0.0,40.2,71.6
FL0648,SG642,2023-12-27,12,Wednesday,0,SpiceJet,A320,BHO,GAU,1161,14,108,180,165.0,92.1,6.0,6.0,2,2,11.3,,0.7,265.0,45.3
FL1239,AI562,2023-09-21,9,Thursday,0,Air India,A319,PAT,COK,1272,14,112,144,114.0,79.2,8.0,8.0,2,4,6.4,3.6,0.0,44.2,128.7
FL0359,6E670,2023-12-26,12,Tuesday,0,IndiGo,A320,AMD,HYD,571,21,72,180,168.0,93.9,8.0,6.0,4,6,0.0,0.0,0.0,33.5,66.9
FL0504,I5770,2023-12-06,12,Wednesday,0,AirAsia India,A320,GOI,IXB,1004,21,106,180,145.0,80.7,4.0,1.0,3,2,3.7,0.0,0.0,12.4,31.1
FL0584,6E790,2023-05-24,5,Wednesday,0,IndiGo,,ATQ,VTZ,1468,5,129,180,178.0,99.4,1.0,2.0,2,2,2.2,0.0,0.0,0.8,20.4
FL0529,6E907,2023-04-03,4,Monday,0,IndiGo,ATR72,PNQ,PAT,757,7,84,70,62.0,89.1,2.0,7.0,4,2,4.7,0.0,0.0,6.9,52.7
FL0083,AI384,2023-07-27,7,Thursday,0,Air India,B737,COK,ATQ,969,9,95,162,125.0,77.3,8.0,,4,2,12.7,42.5,0.0,93.9,118.0
FL0054,SG522,2023-12-12,12,Tuesday,0,SpiceJet,A319,MAA,AMD,632,10,74,144,121.0,84.1,1.0,3.0,6,4,0.3,0.0,0.0,9.7,22.7
FL0738,6E172,2023-04-08,4,Saturday,1,IndiGo,B737,AMD,BOM,530,7,66,162,129.0,79.8,4.0,6.0,4,9,8.4,0.0,0.0,13.4,74.8
FL1441,UK471,2023-03-22,3,Wednesday,0,Vistara,A320,PNQ,PAT,305,9,52,180,137.0,76.2,1.0,4.0,4,2,0.0,17.3,0.0,17.3,16.8
FL0288,6E504,2023-04-22,4,Saturday,1,IndiGo,A321,GOI,HYD,1474,6,131,220,161.0,,10.0,1.0,3,6,0.0,0.0,0.0,56.0,39.3
FL1469,UK881,2023-03-23,3,Thursday,0,Vistara,A320,CCU,ATQ,828,14,96,180,124.0,69.2,2.0,4.0,5,2,0.0,,0.0,5.3,19.2
FL1294,UK759,2023-08-22,8,Tuesday,0,Vistara,A320,IXB,CCU,140,10,38,180,179.0,99.5,8.0,5.0,2,5,6.9,16.4,0.0,48.2,40.9
FL0220,6E628,2023-07-17,7,Monday,0,IndiGo,A321,ATQ,LKO,1435,11,142,220,180.0,81.9,9.0,6.0,2,3,3.6,0.0,0.0,32.3,34.8
FL0867,I5439,2023-12-16,12,Saturday,1,AirAsia India,A320,ATQ,IXC,1349,6,126,180,164.0,91.6,4.0,3.0,2,2,0.0,0.0,0.0,0.0,38.7
FL0004,BZ263,2023-04-17,4,Monday,0,Blue Dart,B737,IXB,AMD,1957,21,170,162,155.0,95.8,1.0,6.0,2,4,4.7,0.0,0.0,12.6,41.1
FL0957,AI687,2023-05-17,5,Wednesday,0,Air India,A319,GOI,SXR,893,13,81,144,124.0,86.2,9.0,4.0,3,2,2.1,0.0,0.0,39.8,55.7
FL0671,UK748,2023-05-27,5,Saturday,1,Vistara,B737,IXB,DEL,1287,18,124,162,140.0,86.8,1.0,1.0,2,9,12.8,0.0,0.0,20.0,42.4
FL0175,AI201,2023-08-13,8,Sunday,1,Air India,A321,PAT,GAU,903,12,109,220,165.0,75.1,9.0,4.0,2,2,2.6,0.0,0.0,46.8,60.7
FL1245,6E701,2023-06-11,6,Sunday,1,IndiGo,B777,BHO,SXR,625,9,81,342,300.0,87.9,6.0,5.0,2,2,4.2,0.0,0.0,24.4,25.2
FL1125,AI994,2023-11-26,11,Sunday,1,Air India,B737,GOI,IXC,1123,21,112,162,134.0,82.9,3.0,6.0,3,2,0.0,0.0,0.0,7.0,58.1
FL0662,G8923,2023-10-30,10,Monday,0,GoFirst,A321,ATQ,IXC,321,19,47,220,117.0,53.6,6.0,4.0,2,2,8.5,31.2,0.0,65.3,71.1
FL0683,6E474,2023-11-26,11,Sunday,1,IndiGo,B737,AMD,PNQ,851,12,98,162,142.0,87.9,2.0,6.0,4,4,2.9,0.0,0.0,7.9,30.3
FL0679,AI690,2023-02-23,2,Thursday,0,Air India,CRJ-900,CCU,GAU,400,9,49,90,90.0,100.0,2.0,3.0,5,2,0.0,,0.0,4.1,33.2
FL0696,AI760,2023-06-27,6,Tuesday,0,Air India,A321,JAI,LKO,1637,12,146,220,172.0,78.2,,7.0,4,3,0.7,13.9,0.0,41.2,95.5
FL0265,UK981,2023-10-31,10,Tuesday,0,Vistara,B777,JAI,MAA,940,19,99,342,329.0,96.3,2.0,4.0,4,6,9.5,0.0,0.0,6.6,25.8
FL0803,AI569,2023-09-04,9,Monday,0,Air India,B787,MAA,PNQ,307,6,52,296,254.0,85.8,7.0,8.0,6,4,6.7,0.0,0.0,29.4,81.2
FL0189,I5598,2023-06-21,6,Wednesday,0,AirAsia India,A320,LKO,IXC,527,8,62,180,161.0,90.0,4.0,8.0,3,2,,31.3,0.0,50.2,73.9
FL0093,SG927,2023-01-15,1,Sunday,1,SpiceJet,,CCU,GAU,400,6,59,162,,100.0,4.0,1.0,5,2,,0.0,0.0,13.7,32.5
FL0488,UK294,2023-04-10,4,Monday,0,Vistara,A320,CCU,IXC,621,16,78,180,128.0,71.2,4.0,2.0,5,2,0.0,39.8,0.0,47.6,39.2
FL0260,6E694,2023-05-24,5,Wednesday,0,IndiGo,A320,GOI,IXB,491,5,60,180,142.0,78.9,3.0,6.0,3,2,0.0,0.0,0.0,0.0,29.6
FL0370,AI844,2023-10-26,10,Thursday,0,Air India,B787,GAU,CCU,400,15,50,296,,79.0,4.0,8.0,2,5,0.0,0.0,0.0,7.5,64.9
FL0198,AI938,2023-02-21,2,Tuesday,0,Air India,A320,SXR,COK,1889,7,150,180,160.0,89.3,6.0,4.0,2,4,0.9,0.0,0.0,29.6,44.8
FL1094,SG598,2023-11-26,11,Sunday,1,SpiceJet,A320,IXC,PAT,1647,10,161,180,146.0,81.5,1.0,2.0,2,2,0.1,0.0,0.0,7.0,11.9
FL0835,AI244,2023-07-14,7,Friday,0,Air India,B737,HYD,PNQ,1411,21,143,162,133.0,82.6,,7.0,6,4,0.0,0.0,0.0,5.2,44.0
FL0807,6E691,2023-05-13,5,Saturday,1,IndiGo,B737,LKO,BOM,1100,6,101,162,124.0,76.9,1.0,8.0,3,9,0.0,14.8,0.8,18.4,87.3
FL1087,AI146,2023-09-11,9,Monday,0,Air India,A321,SXR,BHO,905,14,83,220,198.0,90.4,4.0,5.0,2,2,11.9,,0.0,18.2,62.2
FL0097,AI110,2023-11-23,11,Thursday,0,Air India,A321,JAI,AMD,1520,17,131,220,129.0,58.7,2.0,3.0,4,4,,0.0,0.0,20.9,58.1
FL0988,AI716,2023-01-20,1,Friday,0,Air India,CRJ-900,GOI,DEL,1600,6,161,90,75.0,83.6,3.0,4.0,3,9,7.1,0.0,0.0,10.3,57.7
FL1461,6E124,2023-12-01,12,Friday,0,IndiGo,A321,BHO,GAU,506,11,63,220,220.0,100.0,4.0,7.0,2,2,5.0,0.0,0.0,4.9,44.8
FL0159,6E243,2023-03-07,3,Tuesday,0,IndiGo,A321,BLR,ATQ,1735,11,162,220,197.0,89.6,4.0,,7,2,2.2,15.4,0.0,21.0,28.5
FL0455,AI406,2023-08-25,8,Friday,0,Air India,B777,BLR,AMD,1028,15,101,342,274.0,80.4,8.0,3.0,7,4,0.0,,9.9,35.0,45.5
FL0540,AI803,2023-06-13,6,Tuesday,0,Air India,B777,IXC,GAU,1521,22,149,342,300.0,87.9,8.0,9.0,2,2,3.5,0.0,0.0,23.5,87.5
FL0827,SG903,2023-12-02,12,Saturday,1,SpiceJet,A320,GOI,COK,1375,22,137,180,158.0,87.8,1.0,3.0,3,4,0.0,7.6,0.0,7.2,33.2
FL1066,6E954,2023-06-02,6,Friday,0,IndiGo,A319,JAI,BOM,960,8,101,144,132.0,91.9,8.0,8.0,4,9,14.2,0.0,0.0,34.3,73.4
FL1256,I5548,2023-09-12,9,Tuesday,0,AirAsia India,A321,IXC,BLR,469,18,68,220,197.0,89.8,2.0,6.0,2,7,6.0,0.0,0.0,8.1,64.0
FL0172,6E590,2023-12-14,12,Thursday,0,IndiGo,A320,GOI,ATQ,1617,15,149,180,128.0,71.4,1.0,5.0,3,2,0.0,0.0,0.0,0.0,28.5
FL0443,UK677,2023-05-07,5,Sunday,1,Vistara,B737,BLR,IXB,1235,11,129,162,126.0,78.4,2.0,7.0,7,2,3.1,6.3,0.0,17.6,45.8
FL1075,UK208,2023-03-08,3,Wednesday,0,Vistara,A320,GOI,HYD,1107,6,104,180,119.0,66.4,1.0,3.0,3,6,0.2,0.0,0.0,0.0,30.2
FL0195,SG806,2023-06-29,6,Thursday,0,SpiceJet,ATR72,JAI,CCU,1941,5,164,70,54.0,78.3,3.0,6.0,4,5,1.8,0.0,0.0,9.0,67.4
FL0343,AI790,2023-04-05,4,Wednesday,0,Air India,A320,AMD,IXB,887,15,86,180,174.0,97.2,,,4,2,1.8,5.7,0.0,12.3,74.5
FL0548,I5903,2023-06-01,6,Thursday,0,AirAsia India,B737,HYD,GAU,1772,17,176,162,101.0,62.7,1.0,2.0,6,2,,0.0,0.0,13.7,50.6
FL0992,AI201,2023-01-01,1,Sunday,1,Air India,B777,GOI,CCU,1844,16,178,342,318.0,93.1,2.0,2.0,3,5,10.4,0.0,0.0,20.9,66.1
FL0649,UK879,2023-01-01,1,Sunday,1,Vistara,A319,ATQ,PAT,1017,6,90,144,120.0,,1.0,4.0,2,2,6.8,0.0,0.0,13.8,21.7
FL0104,UK380,2023-03-22,3,Wednesday,0,Vistara,A321,LKO,CCU,919,7,94,220,192.0,87.4,5.0,1.0,3,5,1.2,,0.0,0.0,32.3
FL1039,AI518,2023-09-27,9,Wednesday,0,Air India,B777,HYD,COK,880,18,102,342,289.0,84.6,7.0,6.0,6,4,0.0,21.4,0.0,40.5,81.3
FL1002,G8759,2023-06-10,6,Saturday,1,GoFirst,A320,AMD,VTZ,1515,20,139,180,152.0,84.9,7.0,9.0,4,2,1.5,0.0,0.0,29.6,103.7
FL1328,AI894,2023-08-23,8,Wednesday,0,Air India,A320,COK,AMD,1734,21,170,180,140.0,77.9,7.0,10.0,4,4,2.1,,0.0,29.9,116.1
FL1109,AI203,2023-02-16,2,Thursday,0,Air India,A321,MAA,COK,660,6,79,220,168.0,76.5,2.0,2.0,6,4,2.5,26.7,0.0,25.1,38.4
FL0086,AI323,2023-02-22,2,Wednesday,0,Air India,,MAA,AMD,558,8,64,180,117.0,,5.0,2.0,6,4,2.7,0.0,0.0,14.4,51.9
FL1142,AI141,2023-06-20,6,Tuesday,0,Air India,A321,VTZ,BHO,525,6,57,220,187.0,85.4,7.0,8.0,2,2,5.9,,0.0,31.3,80.6
FL0335,6E859,2023-01-06,1,Friday,0,IndiGo,,LKO,JAI,1147,6,108,220,180.0,82.2,8.0,9.0,3,4,3.5,0.0,0.0,42.8,90.2
FL0077,AI311,2023-09-28,9,Thursday,0,Air India,A320,BHO,IXC,977,12,100,180,128.0,71.2,7.0,3.0,2,2,0.0,0.0,0.0,19.4,31.9
FL0518,SG358,2023-10-12,10,Thursday,0,SpiceJet,ATR72,MAA,COK,660,6,70,70,58.0,84.2,2.0,3.0,6,4,6.8,0.0,0.2,12.1,35.1
FL0089,SG348,2023-09-09,9,Saturday,1,SpiceJet,ATR72,COK,BLR,520,20,67,70,60.0,86.2,6.0,7.0,4,7,4.1,0.0,0.0,30.1,91.3
FL0767,SG560,2023-06-03,6,Saturday,1,SpiceJet,A320,DEL,LKO,510,14,52,180,146.0,81.1,4.0,4.0,9,3,6.8,0.0,0.0,13.6,38.5
FL1477,6E597,2023-07-07,7,Friday,0,IndiGo,B777,PAT,JAI,432,6,64,342,233.0,,7.0,7.0,2,4,0.9,23.2,0.0,41.7,52.4
FL1255,SG866,2023-11-19,11,Sunday,1,SpiceJet,A320,AMD,HYD,1752,18,159,180,164.0,91.6,2.0,1.0,4,6,7.9,0.0,0.0,13.5,36.9
FL0955,6E125,2023-06-01,6,Thursday,0,IndiGo,B737,IXC,IXB,632,9,77,162,130.0,80.7,,10.0,2,2,4.2,0.0,0.0,21.4,111.1
FL0792,G8351,2023-11-02,11,Thursday,0,GoFirst,ATR72,HYD,ATQ,1235,13,121,70,57.0,82.7,1.0,2.0,6,2,0.0,0.0,3.3,13.4,23.6
FL0117,AI378,2023-03-03,3,Friday,0,Air India,B737,IXC,HYD,1259,19,123,162,144.0,89.3,2.0,4.0,2,6,10.7,0.0,0.0,15.3,45.0
FL0721,6E262,2023-01-05,1,Thursday,0,IndiGo,A320,ATQ,PAT,1695,7,134,180,137.0,76.6,3.0,7.0,2,2,1.0,0.0,0.0,14.4,48.2
FL1053,6E329,2023-03-30,3,Thursday,0,IndiGo,B787,CCU,BHO,1072,14,106,296,271.0,91.8,9.0,,5,2,4.7,0.0,0.0,42.2,25.5
FL0388,6E344,2023-05-23,5,Tuesday,0,IndiGo,,GOI,VTZ,473,22,54,70,48.0,,1.0,2.0,3,2,4.7,0.0,0.0,5.6,22.0
FL1293,UK360,2023-01-11,1,Wednesday,0,Vistara,ATR72,MAA,GOI,1539,22,155,70,59.0,84.9,7.0,7.0,6,3,4.8,0.0,0.0,31.8,64.3
FL0978,SG408,2023-01-26,1,Thursday,0,SpiceJet,A320,GAU,JAI,947,22,100,180,177.0,98.7,2.0,1.0,2,4,0.0,0.0,0.0,7.3,28.2
FL0057,G8436,2023-04-02,4,Sunday,1,GoFirst,A320,GOI,PNQ,756,8,76,180,158.0,88.2,5.0,1.0,3,4,1.5,,0.0,29.3,36.7
FL0152,SG693,2023-01-13,1,Friday,0,SpiceJet,A320,HYD,BOM,620,13,66,180,159.0,88.4,2.0,1.0,6,9,0.0,1.8,0.0,5.6,39.9
FL0620,G8413,2023-11-17,11,Friday,0,GoFirst,B737,COK,LKO,1295,9,111,162,125.0,77.3,3.0,2.0,4,3,0.0,0.0,0.0,7.0,32.4
FL0143,6E911,2023-02-21,2,Tuesday,0,IndiGo,B737,BHO,MAA,800,12,84,162,124.0,77.0,2.0,,2,6,0.9,0.0,0.0,0.0,13.2
FL1331,SG976,2023-01-29,1,Sunday,1,SpiceJet,A320,SXR,GOI,878,21,90,180,148.0,82.5,2.0,3.0,2,3,2.5,0.0,0.0,11.8,25.7
FL0698,SG861,2023-08-08,8,Tuesday,0,SpiceJet,A320,DEL,CCU,1305,10,130,180,113.0,62.9,,7.0,9,5,3.8,0.0,0.0,16.8,69.4
FL1483,6E529,2023-07-02,7,Sunday,1,IndiGo,B787,BHO,JAI,1842,6,164,296,232.0,78.6,6.0,10.0,2,4,2.3,8.3,0.0,27.0,103.0
FL0498,SG250,2023-01-16,1,Monday,0,SpiceJet,A320,IXB,SXR,1939,13,188,180,127.0,,6.0,4.0,2,2,2.6,0.0,0.0,17.6,35.2
FL0012,S5423,2023-03-29,3,Wednesday,0,StarAir,A321,JAI,BOM,960,7,95,220,156.0,70.9,5.0,1.0,4,9,9.1,10.4,0.5,37.5,82.7
FL1203,6E170,2023-12-03,12,Sunday,1,IndiGo,A320,LKO,COK,710,17,75,180,151.0,84.3,3.0,7.0,3,4,11.5,0.0,0.0,15.0,47.5
FL1091,SG371,2023-01-10,1,Tuesday,0,SpiceJet,B737,IXB,IXC,1851,15,161,162,123.0,76.0,1.0,1.0,2,2,1.0,0.0,0.0,12.6,48.3
FL0229,SG526,2023-11-21,11,Tuesday,0,SpiceJet,A321,BHO,DEL,780,13,80,220,204.0,93.1,4.0,6.0,2,9,5.2,0.0,0.0,4.9,41.8
FL0208,SG167,2023-05-10,5,Wednesday,0,SpiceJet,A320,JAI,BOM,960,15,91,180,,83.4,9.0,,4,9,0.0,0.0,0.0,36.5,36.7
FL0252,6E242,2023-12-26,12,Tuesday,0,IndiGo,B737,LKO,GAU,759,7,90,162,152.0,94.1,5.0,8.0,3,2,8.3,0.0,0.0,16.1,66.0
FL1073,6E104,2023-07-17,7,Monday,0,IndiGo,B737,AMD,VTZ,1658,6,152,162,140.0,86.8,5.0,6.0,4,2,2.1,0.0,0.0,19.6,51.4
FL0218,AI491,2023-08-06,8,Sunday,1,Air India,A320,LKO,VTZ,1202,7,118,180,177.0,98.4,4.0,7.0,3,2,10.7,0.0,0.0,27.6,84.8
FL1193,AI401,2023-07-17,7,Monday,0,Air India,B737,BHO,BLR,508,16,65,162,124.0,76.9,6.0,,2,7,6.2,0.0,0.0,15.7,36.7
FL0626,UK137,2023-05-12,5,Friday,0,Vistara,A320,IXB,VTZ,1129,21,104,180,,84.9,4.0,1.0,2,2,0.0,0.0,0.0,5.5,23.1
FL0133,6E881,2023-10-10,10,Tuesday,0,IndiGo,B737,MAA,ATQ,1403,18,127,162,128.0,79.5,,2.0,6,2,4.2,0.0,0.0,1.2,33.4
FL1399,AI703,2023-05-28,5,Sunday,1,Air India,B737,JAI,PAT,1818,6,165,162,132.0,82.0,6.0,3.0,4,2,1.1,0.0,0.0,16.0,53.6
FL1173,UK651,2023-04-27,4,Thursday,0,Vistara,A321,GAU,BLR,1912,22,191,220,199.0,90.7,7.0,1.0,2,7,0.0,0.0,0.0,35.7,45.0
FL0034,G8151,2023-09-28,9,Thursday,0,GoFirst,B777,BLR,ATQ,1954,9,167,342,223.0,,6.0,7.0,7,2,30.6,,0.0,44.8,64.4
FL0661,UK892,2023-11-13,11,Monday,0,Vistara,A320,VTZ,SXR,886,19,106,180,136.0,75.7,1.0,,2,2,0.0,0.0,0.0,1.2,27.4
FL1232,UK665,2023-07-13,7,Thursday,0,Vistara,A320,PNQ,COK,1271,11,122,180,130.0,72.7,7.0,8.0,4,4,0.0,35.0,0.0,52.4,58.8
FL0266,SG577,2023-09-11,9,Monday,0,SpiceJet,A320,MAA,PAT,1354,13,134,180,151.0,84.1,,7.0,6,2,5.0,0.0,0.0,25.7,97.7
FL0676,6E180,2023-01-14,1,Saturday,1,IndiGo,,VTZ,LKO,619,9,73,162,111.0,68.6,8.0,3.0,2,3,7.3,0.0,0.0,39.0,27.1
FL0212,AI118,2023-08-12,8,Saturday,1,Air India,,SXR,BLR,1623,13,147,342,321.0,93.9,4.0,7.0,2,7,8.3,,0.0,10.5,55.6
FL0308,6E677,2023-01-22,1,Sunday,1,IndiGo,A320,SXR,IXC,1381,21,130,180,96.0,53.4,5.0,3.0,2,2,0.3,0.0,0.0,16.6,35.6
FL1490,6E795,2023-06-10,6,Saturday,1,IndiGo,A321,CCU,BHO,742,8,68,220,182.0,82.7,6.0,,5,2,10.3,0.0,0.0,24.7,65.5
FL1465,6E496,2023-06-25,6,Sunday,1,IndiGo,B737,VTZ,BHO,381,16,51,162,,71.6,9.0,10.0,2,2,0.0,0.0,0.0,36.8,93.4
FL0991,6E641,2023-02-16,2,Thursday,0,IndiGo,B737,IXB,BLR,502,5,61,162,144.0,89.1,5.0,1.0,2,7,0.4,0.0,0.0,15.8,19.6
FL1121,UK798,2023-03-10,3,Friday,0,Vistara,A321,BHO,IXC,1239,9,109,220,193.0,88.0,8.0,7.0,2,2,6.4,0.0,0.0,31.2,57.6
FL1009,6E281,2023-06-17,6,Saturday,1,IndiGo,B737,IXC,JAI,1070,5,100,162,140.0,87.0,3.0,7.0,2,4,3.4,0.0,1.2,11.5,46.7
FL1114,6E568,2023-04-05,4,Wednesday,0,IndiGo,B787,HYD,BOM,620,7,69,296,231.0,78.4,4.0,3.0,6,9,4.3,0.0,0.0,10.9,35.9
FL1368,UK392,2023-05-10,5,Wednesday,0,Vistara,B787,PNQ,BLR,638,8,76,296,188.0,63.8,2.0,1.0,4,7,7.5,0.0,0.0,18.8,40.7
FL0666,UK696,2023-07-22,7,Saturday,1,Vistara,A321,BLR,IXB,882,19,93,220,184.0,84.0,5.0,7.0,7,2,18.4,0.0,0.0,26.4,51.1
FL0022,G8951,2023-07-11,7,Tuesday,0,GoFirst,B737,ATQ,DEL,380,20,51,162,145.0,89.7,9.0,6.0,2,9,12.9,0.0,0.0,44.4,122.4
FL0167,6E233,2023-02-13,2,Monday,0,IndiGo,A321,VTZ,DEL,1320,5,118,220,184.0,84.0,,2.0,2,9,2.0,19.0,0.0,24.7,27.4
FL0702,AI274,2023-07-11,7,Tuesday,0,Air India,B737,GOI,ATQ,1583,7,150,162,102.0,63.5,3.0,7.0,3,2,18.9,0.0,0.0,19.8,58.6
FL1353,6E535,2023-01-27,1,Friday,0,IndiGo,B737,CCU,BHO,1234,8,133,162,131.0,81.5,4.0,3.0,5,2,5.0,0.0,0.0,15.3,24.5
FL0715,UK108,2023-01-10,1,Tuesday,0,Vistara,B737,HYD,JAI,851,7,84,162,144.0,89.0,5.0,2.0,6,4,9.6,26.4,0.0,39.4,51.0
FL1261,UK890,2023-08-17,8,Thursday,0,Vistara,B777,PAT,GOI,1209,6,112,342,261.0,76.5,8.0,7.0,2,3,2.2,20.7,10.8,51.2,59.2
FL0037,6E902,2023-02-20,2,Monday,0,IndiGo,B777,IXC,GOI,1166,6,113,342,280.0,82.0,,4.0,2,3,3.8,0.0,0.0,8.5,25.4
FL1107,6E526,2023-09-18,9,Monday,0,IndiGo,A320,IXC,MAA,900,20,88,180,152.0,84.5,1.0,6.0,2,6,5.1,0.0,0.0,12.6,60.8
FL0682,SG365,2023-01-12,1,Thursday,0,SpiceJet,B737,PAT,VTZ,506,22,73,162,125.0,77.5,10.0,5.0,2,2,7.2,32.4,0.0,77.2,102.9
FL0655,SG595,2023-05-14,5,Sunday,1,SpiceJet,B737,GAU,IXB,1288,21,125,162,118.0,,1.0,5.0,2,2,0.5,9.2,0.0,10.0,45.3
FL0768,6E635,2023-09-07,9,Thursday,0,IndiGo,A320,JAI,COK,1815,8,174,180,119.0,66.5,7.0,6.0,4,4,20.1,0.0,0.0,46.1,51.4
FL1068,6E254,2023-08-13,8,Sunday,1,IndiGo,B737,BHO,CCU,946,6,102,162,144.0,89.1,1.0,5.0,2,5,4.1,0.0,0.0,11.9,22.0
FL1396,AI776,2023-09-07,9,Thursday,0,Air India,B737,JAI,BOM,960,14,95,162,140.0,86.5,5.0,10.0,4,9,8.3,0.0,0.8,18.8,113.6
FL0033,SG385,2023-07-07,7,Friday,0,SpiceJet,A319,COK,PNQ,1398,7,125,144,110.0,76.8,10.0,9.0,4,4,12.6,0.0,0.0,53.2,97.7
FL0161,AI524,2023-02-14,2,Tuesday,0,Air India,ATR72,LKO,IXB,1158,11,98,70,50.0,72.6,1.0,1.0,3,2,0.0,0.0,0.0,0.0,23.6
FL0124,SG891,2023-02-04,2,Saturday,1,SpiceJet,B787,IXC,BLR,944,15,102,296,229.0,77.6,2.0,3.0,2,7,3.3,37.5,0.0,40.8,55.2
FL0156,6E649,2023-08-31,8,Thursday,0,IndiGo,A320,LKO,BLR,1850,20,181,180,164.0,91.2,6.0,7.0,3,7,15.0,0.0,1.9,24.9,53.6
FL1228,AI356,2023-01-18,1,Wednesday,0,Air India,A320,BOM,IXB,710,10,78,180,138.0,76.7,1.0,1.0,9,2,0.0,4.3,0.0,11.3,13.1
FL0391,I5561,2023-11-18,11,Saturday,1,AirAsia India,A319,CCU,SXR,891,21,78,144,111.0,77.7,3.0,2.0,5,2,0.0,0.0,0.0,0.0,15.9
FL1451,AI260,2023-01-26,1,Thursday,0,Air India,A321,AMD,VTZ,1327,21,121,220,202.0,92.1,7.0,5.0,4,2,7.9,0.0,0.0,31.0,63.0
FL1356,G8179,2023-05-14,5,Sunday,1,GoFirst,A320,JAI,IXC,1076,6,102,180,,80.0,2.0,3.0,4,2,0.0,18.2,0.0,18.8,31.8
FL0053,AI995,2023-09-22,9,Friday,0,Air India,,COK,AMD,1665,19,158,162,97.0,60.0,3.0,6.0,4,4,0.8,0.0,0.0,0.5,42.1
FL0279,6E526,2023-04-30,4,Sunday,1,IndiGo,A321,DEL,PAT,1000,9,95,220,206.0,93.8,5.0,9.0,9,2,24.4,1.4,0.0,40.0,83.5
FL0700,6E206,2023-02-10,2,Friday,0,IndiGo,ATR72,DEL,BHO,780,19,95,70,56.0,80.8,2.0,2.0,9,2,37.3,0.0,0.0,37.3,34.9
FL1032,6E597,2023-03-01,3,Wednesday,0,IndiGo,B737,DEL,AMD,890,22,91,162,115.0,71.2,4.0,4.0,9,4,,0.0,0.0,0.0,38.2
FL1230,S5513,2023-03-19,3,Sunday,1,StarAir,A319,DEL,JAI,260,19,52,144,110.0,76.9,4.0,2.0,9,4,21.5,36.1,0.0,59.6,62.6
FL1285,AI279,2023-04-22,4,Saturday,1,Air India,B777,BLR,JAI,1518,21,146,342,217.0,63.6,1.0,3.0,7,4,0.0,0.0,0.0,3.6,40.5
FL0383,SG855,2023-06-22,6,Thursday,0,SpiceJet,,CCU,COK,1611,12,134,180,159.0,88.4,9.0,7.0,5,4,0.0,0.0,0.0,26.0,63.6
FL0012,S5423,2023-03-29,3,Wednesday,0,StarAir,A321,JAI,BOM,960,7,95,220,156.0,70.9,5.0,1.0,4,9,9.1,10.4,0.5,37.5,82.7
FL1063,6E409,2023-01-23,1,Monday,0,IndiGo,,VTZ,BOM,310,7,49,70,60.0,87.0,2.0,5.0,2,9,16.3,12.2,0.0,30.5,65.7
FL0106,6E448,2023-10-16,10,Monday,0,IndiGo,B737,DEL,VTZ,1320,18,122,162,157.0,97.0,4.0,1.0,9,2,18.0,0.0,0.0,28.1,29.2
FL1003,S5565,2023-06-27,6,Tuesday,0,StarAir,A321,ATQ,PAT,1292,8,125,220,147.0,67.3,9.0,4.0,2,2,10.8,0.0,0.0,38.2,47.5
FL0145,UK361,2023-08-10,8,Thursday,0,Vistara,A320,IXB,MAA,775,12,68,180,174.0,96.9,7.0,8.0,2,6,0.0,0.0,0.0,8.3,32.4
FL1156,G8287,2023-08-02,8,Wednesday,0,GoFirst,A320,HYD,MAA,520,5,58,180,180.0,100.0,7.0,3.0,6,6,2.9,0.0,0.0,10.3,29.6
FL1257,SG281,2023-11-24,11,Friday,0,SpiceJet,B737,AMD,CCU,649,11,68,162,128.0,79.4,1.0,4.0,4,5,0.0,0.0,0.0,10.8,32.5
FL1191,AI486,2023-01-25,1,Wednesday,0,Air India,B777,IXB,HYD,475,8,54,342,302.0,88.5,3.0,3.0,2,6,3.6,0.0,0.0,9.8,52.5
FL1390,SG205,2023-04-21,4,Friday,0,SpiceJet,A321,PNQ,IXC,706,11,85,220,169.0,77.1,3.0,1.0,4,2,0.0,0.0,0.0,6.4,12.3
FL1491,UK938,2023-01-16,1,Monday,0,Vistara,A320,LKO,PAT,333,11,57,180,139.0,77.4,7.0,7.0,3,2,3.1,0.0,0.0,24.9,40.0
FL0063,SG512,2023-12-26,12,Tuesday,0,SpiceJet,B777,HYD,JAI,1338,13,136,342,190.0,55.7,1.0,6.0,6,4,0.1,22.0,0.0,17.7,47.6
FL1235,UK447,2023-08-10,8,Thursday,0,Vistara,,DEL,SXR,670,7,81,70,63.0,90.0,5.0,5.0,9,2,15.5,0.0,0.0,34.6,49.5
FL0251,I5261,2023-12-04,12,Monday,0,AirAsia India,A321,BLR,IXB,1410,21,118,220,,84.5,3.0,3.0,7,2,2.9,2.4,0.0,5.7,20.1
FL0463,UK162,2023-03-17,3,Friday,0,Vistara,A320,PNQ,JAI,1321,13,133,180,138.0,77.1,2.0,,4,4,0.0,0.0,0.0,2.6,28.1
FL0041,I5734,2023-11-16,11,Thursday,0,AirAsia India,B737,HYD,VTZ,300,16,53,162,113.0,69.9,6.0,2.0,6,2,6.5,46.3,0.0,79.3,50.0
FL1172,SG813,2023-11-09,11,Thursday,0,SpiceJet,A320,DEL,BOM,1148,17,110,180,148.0,82.5,5.0,1.0,9,9,13.4,0.0,0.0,23.3,47.9
FL0076,6E256,2023-10-31,10,Tuesday,0,IndiGo,A320,BLR,CCU,1670,7,150,180,148.0,82.6,6.0,3.0,7,5,14.6,,0.0,25.5,50.3
FL1103,SG690,2023-07-03,7,Monday,0,SpiceJet,B737,ATQ,PNQ,1762,7,168,162,127.0,78.6,5.0,6.0,2,4,11.2,40.2,4.9,70.1,69.9
FL1196,6E210,2023-06-26,6,Monday,0,IndiGo,A321,DEL,ATQ,380,21,46,220,170.0,77.3,6.0,8.0,9,2,0.0,,0.0,13.2,51.4
FL0257,UK614,2023-04-09,4,Sunday,1,Vistara,B737,IXB,CCU,140,13,30,162,145.0,89.9,1.0,2.0,2,5,0.0,0.0,0.0,2.8,14.0
FL0866,UK451,2023-02-25,2,Saturday,1,Vistara,A320,BLR,IXB,1934,20,154,180,,75.9,1.0,2.0,7,2,5.9,0.0,0.0,21.6,37.7
FL1369,6E239,2023-11-06,11,Monday,0,IndiGo,A320,DEL,IXC,250,13,48,180,159.0,88.7,,1.0,9,2,1.6,0.0,0.0,5.8,15.5
FL1367,UK749,2023-03-05,3,Sunday,1,Vistara,,BLR,JAI,1132,10,111,180,,84.2,5.0,2.0,7,4,1.7,0.0,0.0,15.9,15.0
FL1270,6E971,2023-03-19,3,Sunday,1,IndiGo,A320,JAI,CCU,1601,7,140,180,166.0,92.7,,4.0,4,5,0.0,0.0,0.0,6.5,36.5
FL1119,SG872,2023-10-26,10,Thursday,0,SpiceJet,ATR72,GOI,GAU,650,17,74,70,49.0,70.7,2.0,1.0,3,2,10.4,16.5,0.0,28.6,42.6
FL1153,UK949,2023-01-29,1,Sunday,1,Vistara,A320,CCU,DEL,1305,6,121,180,134.0,74.9,1.0,2.0,5,9,6.7,0.0,0.0,11.1,23.4
FL1133,SG863,2023-10-29,10,Sunday,1,SpiceJet,B787,IXB,DEL,1228,21,120,296,,,4.0,1.0,2,9,6.3,11.4,0.0,27.7,54.1
FL0769,G8696,2023-06-11,6,Sunday,1,GoFirst,ATR72,ATQ,MAA,1723,11,150,70,52.0,74.7,9.0,6.0,2,6,5.6,0.0,11.2,63.6,59.3
FL0414,AI235,2023-03-01,3,Wednesday,0,Air India,B737,BLR,MAA,340,22,46,162,,68.0,1.0,9.0,7,6,0.7,14.5,0.0,18.4,81.3
FL0409,AI596,2023-09-28,9,Thursday,0,Air India,A320,GOI,LKO,1420,12,124,180,133.0,74.3,3.0,,3,3,4.9,0.0,0.0,4.9,54.7
FL0254,UK836,2023-09-24,9,Sunday,1,Vistara,A320,VTZ,BLR,434,13,63,180,142.0,79.4,9.0,9.0,2,7,,35.3,0.0,71.3,97.3
FL0135,6E930,2023-01-15,1,Sunday,1,IndiGo,ATR72,BOM,LKO,1100,8,110,70,55.0,79.8,2.0,2.0,9,3,26.5,0.0,0.0,27.1,30.7
FL1130,6E706,2023-01-23,1,Monday,0,IndiGo,A319,CCU,DEL,1305,14,124,144,113.0,78.6,4.0,6.0,5,9,,0.0,0.0,4.2,33.4
FL0146,UK453,2023-08-19,8,Saturday,1,Vistara,B737,IXC,GOI,1687,16,143,162,125.0,77.4,3.0,5.0,2,3,0.0,0.0,0.0,0.0,13.3
FL1278,UK166,2023-01-07,1,Saturday,1,Vistara,A320,PAT,GAU,958,15,87,180,180.0,100.0,9.0,8.0,2,2,,,0.0,49.7,64.4
FL1016,AI445,2023-09-30,9,Saturday,1,Air India,A321,IXB,BLR,1709,21,153,220,151.0,69.0,3.0,2.0,2,7,5.9,11.0,0.0,14.9,57.5
FL0206,AI824,2023-04-23,4,Sunday,1,Air India,A321,JAI,BLR,1333,20,127,220,,,1.0,5.0,4,7,12.7,0.0,6.5,21.0,73.9
FL0779,G8437,2023-04-22,4,Saturday,1,GoFirst,B737,IXB,MAA,1173,9,118,162,122.0,75.6,1.0,8.0,2,6,0.0,0.0,0.0,9.3,75.7
FL0566,SG340,2023-07-06,7,Thursday,0,SpiceJet,ATR72,SXR,PNQ,1427,5,148,70,62.0,89.7,3.0,5.0,2,4,0.0,0.0,0.0,9.2,42.3
FL1363,I5773,2023-06-22,6,Thursday,0,AirAsia India,B777,AMD,DEL,890,13,92,342,212.0,62.2,6.0,10.0,4,9,2.7,0.0,0.0,19.2,60.6
FL1216,UK252,2023-08-12,8,Saturday,1,Vistara,A319,VTZ,IXB,687,7,75,144,124.0,86.7,4.0,4.0,2,2,9.3,0.0,0.0,12.1,26.3
FL1141,UK672,2023-11-12,11,Sunday,1,Vistara,B777,HYD,PNQ,1232,20,111,342,325.0,95.1,5.0,5.0,6,4,12.5,0.0,0.0,14.7,19.3
FL0670,G8894,2023-08-15,8,Tuesday,0,GoFirst,B737,PAT,VTZ,1290,14,124,162,,83.3,10.0,9.0,2,2,0.6,0.0,0.0,36.4,68.5
FL0181,AI967,2023-12-25,12,Monday,0,Air India,B737,IXB,SXR,735,14,87,162,156.0,96.5,9.0,7.0,2,2,1.5,5.3,0.0,52.9,72.6
FL1184,SG838,2023-01-17,1,Tuesday,0,SpiceJet,A320,IXC,SXR,1040,20,98,180,133.0,74.0,5.0,,2,2,10.6,0.0,3.0,33.8,62.3
FL0637,UK335,2023-01-19,1,Thursday,0,Vistara,B777,CCU,PAT,1532,12,139,342,237.0,69.5,2.0,5.0,5,2,3.9,0.0,0.0,10.1,19.2
FL0665,AI630,2023-08-01,8,Tuesday,0,Air India,A319,PAT,LKO,1671,21,160,144,110.0,76.8,,,2,3,6.1,0.0,0.0,0.0,54.6
FL1227,6E221,2023-01-19,1,Thursday,0,IndiGo,A320,GAU,BLR,1909,10,186,180,149.0,82.9,4.0,2.0,2,7,1.1,2.0,0.0,14.8,26.2
FL0362,I5375,2023-04-24,4,Monday,0,AirAsia India,,IXB,SXR,647,16,73,180,147.0,81.8,,2.0,2,2,0.4,0.0,0.0,3.3,23.6
FL1038,6E533,2023-08-17,8,Thursday,0,IndiGo,A319,IXB,PAT,1950,7,174,144,106.0,74.2,7.0,9.0,2,2,0.6,0.0,0.0,36.2,75.4
FL0295,SG138,2023-06-12,6,Monday,0,SpiceJet,ATR72,IXB,PNQ,1395,11,140,70,56.0,81.3,,7.0,2,4,1.4,0.0,0.0,13.2,61.5
FL0741,G8494,2023-11-07,11,Tuesday,0,GoFirst,B737,COK,GAU,498,19,61,162,109.0,,2.0,2.0,4,2,6.4,,0.0,6.6,36.9
FL1036,6E223,2023-09-24,9,Sunday,1,IndiGo,B787,PAT,MAA,783,12,89,296,,81.0,8.0,10.0,2,6,2.5,43.0,0.0,73.8,93.1
FL1139,I5526,2023-04-21,4,Friday,0,AirAsia India,A321,BHO,ATQ,1711,21,158,220,156.0,71.1,1.0,4.0,2,2,0.0,0.0,0.0,16.5,26.4
FL0205,6E163,2023-07-06,7,Thursday,0,IndiGo,A320,IXB,COK,958,8,89,180,165.0,92.1,3.0,,2,4,0.0,0.0,0.0,2.0,26.5
FL0687,UK969,2023-06-05,6,Monday,0,Vistara,ATR72,DEL,COK,1900,19,163,70,53.0,77.0,7.0,7.0,9,4,23.6,0.0,0.0,45.6,79.4
FL1342,6E165,2023-12-22,12,Friday,0,IndiGo,B737,ATQ,BHO,911,22,85,162,115.0,71.3,2.0,2.0,2,2,0.5,0.0,0.0,5.8,41.1
FL0361,6E186,2023-10-07,10,Saturday,1,IndiGo,A320,PAT,DEL,1000,8,93,180,162.0,90.4,5.0,1.0,2,9,,13.1,0.0,39.6,68.6
FL1111,AI926,2023-11-28,11,Tuesday,0,Air India,B737,CCU,COK,1995,13,192,162,132.0,82.0,5.0,4.0,5,4,3.6,0.0,0.0,1.3,22.0
FL0417,SG995,2023-04-13,4,Thursday,0,SpiceJet,A320,LKO,GOI,580,21,82,180,142.0,78.9,1.0,1.0,3,3,0.0,0.0,0.0,6.0,38.1
FL1090,AI821,2023-11-18,11,Saturday,1,Air India,A319,CCU,COK,1104,8,110,144,82.0,57.4,2.0,3.0,5,4,2.6,0.0,0.0,18.5,29.6
FL0337,6E770,2023-08-21,8,Monday,0,IndiGo,B737,PNQ,BHO,1466,19,135,162,142.0,87.7,8.0,5.0,4,2,7.3,0.0,0.0,30.8,54.9
FL0875,UK757,2023-09-14,9,Thursday,0,Vistara,B777,CCU,PNQ,1483,17,134,342,269.0,78.7,5.0,6.0,5,4,0.1,0.0,0.0,17.5,61.1
FL1445,AI175,2023-01-25,1,Wednesday,0,Air India,A320,BHO,LKO,410,16,64,180,155.0,86.1,3.0,7.0,2,3,1.6,0.0,0.0,8.5,70.5
FL1440,I5866,2023-05-29,5,Monday,0,AirAsia India,A319,IXB,BHO,1379,20,126,144,138.0,96.2,2.0,,2,2,2.4,,0.0,4.4,20.6
FL0705,AI455,2023-07-31,7,Monday,0,Air India,B737,BHO,GAU,1610,18,149,162,128.0,79.0,6.0,10.0,2,2,12.8,0.0,0.0,30.0,108.4
FL0616,6E954,2023-06-14,6,Wednesday,0,IndiGo,A321,BHO,GAU,591,21,67,220,174.0,79.5,8.0,1.0,2,2,6.9,40.0,0.0,81.7,64.9
FL0084,6E458,2023-08-25,8,Friday,0,IndiGo,ATR72,BLR,SXR,339,21,62,70,58.0,83.5,7.0,2.0,7,2,4.5,0.0,4.5,30.1,46.1
FL1404,UK546,2023-07-20,7,Thursday,0,Vistara,A321,LKO,PAT,1218,17,132,220,,76.5,7.0,6.0,3,2,8.1,0.0,0.0,26.3,43.1
FL0801,SG829,2023-12-01,12,Friday,0,SpiceJet,A320,MAA,COK,660,10,84,180,154.0,85.6,5.0,1.0,6,4,0.0,,0.0,11.1,36.8
FL0886,AI383,2023-01-14,1,Saturday,1,Air India,ATR72,GOI,ATQ,1652,10,148,70,67.0,96.7,5.0,3.0,3,2,0.8,0.0,0.0,13.9,44.1
FL0459,SG761,2023-03-10,3,Friday,0,SpiceJet,A319,AMD,BLR,344,21,44,144,99.0,69.3,4.0,2.0,4,7,2.0,0.0,0.0,0.0,70.6
FL1288,6E482,2023-07-07,7,Friday,0,IndiGo,ATR72,ATQ,PAT,1151,12,117,70,64.0,91.8,6.0,8.0,2,2,9.9,0.0,0.0,24.3,73.3
FL0242,6E461,2023-09-09,9,Saturday,1,IndiGo,A319,CCU,ATQ,1019,20,99,144,129.0,89.9,3.0,5.0,5,2,15.8,0.0,0.0,22.0,31.6
FL0585,UK248,2023-02-26,2,Sunday,1,Vistara,A320,BHO,DEL,780,21,82,180,,97.2,2.0,3.0,2,9,3.5,0.0,2.9,8.3,73.8
FL0065,SG393,2023-02-23,2,Thursday,0,SpiceJet,A321,IXB,GOI,1131,19,118,220,193.0,87.8,1.0,4.0,2,3,12.5,0.0,2.1,20.3,59.0
FL0552,UK840,2023-02-06,2,Monday,0,Vistara,B737,MAA,BLR,340,16,51,162,132.0,81.5,4.0,1.0,6,7,7.3,0.0,0.0,12.4,22.5
FL1183,6E380,2023-12-13,12,Wednesday,0,IndiGo,A320,BOM,LKO,1100,9,121,180,167.0,93.3,1.0,3.0,9,3,0.0,0.0,0.0,10.5,23.2
FL1085,6E185,2023-04-07,4,Friday,0,IndiGo,ATR72,PNQ,MAA,1314,21,131,70,57.0,81.8,1.0,3.0,4,6,8.9,0.0,0.0,13.5,28.5
FL0811,G8980,2023-11-26,11,Sunday,1,GoFirst,A320,GAU,BLR,899,16,95,180,140.0,77.9,1.0,1.0,2,7,3.4,0.0,0.0,9.6,75.6
FL1376,SG627,2023-01-29,1,Sunday,1,SpiceJet,ATR72,PAT,COK,924,13,107,70,55.0,79.9,4.0,6.0,2,4,4.1,0.0,0.0,6.7,37.0
FL0937,AI443,2023-10-09,10,Monday,0,Air India,A320,IXB,COK,1913,20,192,180,144.0,80.2,1.0,1.0,2,4,3.1,0.0,0.0,12.1,28.3
FL0263,G8350,2023-03-01,3,Wednesday,0,GoFirst,B737,ATQ,IXB,893,20,91,162,105.0,65.3,4.0,2.0,2,2,0.5,0.0,0.0,0.0,25.7
FL1126,AI725,2023-12-26,12,Tuesday,0,Air India,CRJ-900,LKO,DEL,510,11,69,90,81.0,91.0,2.0,6.0,3,9,0.0,,0.0,15.7,66.5
FL1478,AI581,2023-10-28,10,Saturday,1,Air India,ATR72,HYD,GOI,1230,10,135,70,53.0,76.9,4.0,3.0,6,3,8.0,20.0,0.0,34.9,53.4
FL0987,AI359,2023-08-13,8,Sunday,1,Air India,ATR72,BOM,GAU,1514,5,145,70,58.0,84.0,8.0,8.0,9,2,9.5,18.3,0.0,59.3,73.9
FL0207,6E389,2023-01-02,1,Monday,0,IndiGo,A320,SXR,GAU,1548,15,144,180,125.0,69.6,4.0,8.0,2,2,0.0,,0.0,12.2,42.8
FL1233,G8814,2023-04-23,4,Sunday,1,GoFirst,A320,JAI,BLR,941,12,91,180,155.0,86.6,,3.0,4,7,0.0,0.0,0.0,1.9,30.6
FL1398,SG799,2023-08-27,8,Sunday,1,SpiceJet,A321,LKO,JAI,923,21,85,220,207.0,94.5,9.0,5.0,3,4,4.8,31.5,0.0,75.5,81.9
FL0217,UK903,2023-06-21,6,Wednesday,0,Vistara,ATR72,IXC,PNQ,1393,7,123,70,53.0,76.4,5.0,4.0,2,4,4.5,29.9,0.0,42.3,45.0
FL0974,6E266,2023-03-03,3,Friday,0,IndiGo,A319,LKO,GAU,1801,20,143,144,130.0,90.9,2.0,6.0,3,2,12.3,0.0,0.0,18.2,52.2
FL0599,SG109,2023-05-26,5,Friday,0,SpiceJet,ATR72,SXR,ATQ,1449,19,145,70,70.0,100.0,2.0,3.0,2,2,12.6,0.0,0.0,18.6,36.3
FL0580,SG816,2023-04-09,4,Sunday,1,SpiceJet,A320,GOI,ATQ,1948,22,165,180,161.0,89.8,1.0,2.0,3,2,0.0,12.6,0.0,22.5,47.1
FL0600,AI140,2023-08-27,8,Sunday,1,Air India,B737,IXC,PNQ,1615,17,151,162,119.0,73.7,7.0,7.0,2,4,,0.0,0.0,31.3,71.0
FL1155,G8491,2023-10-24,10,Tuesday,0,GoFirst,A320,BHO,CCU,1149,10,107,180,165.0,91.9,2.0,2.0,2,5,3.0,,0.0,47.8,56.5
FL1170,I5449,2023-05-17,5,Wednesday,0,AirAsia India,A321,AMD,ATQ,859,9,97,220,200.0,91.1,5.0,2.0,4,2,,,0.0,44.9,36.6
FL0869,6E686,2023-11-15,11,Wednesday,0,IndiGo,A321,AMD,BOM,530,16,69,220,164.0,74.6,3.0,2.0,4,9,5.6,0.0,0.0,13.3,18.7
FL0010,I5723,2023-08-03,8,Thursday,0,AirAsia India,A320,COK,GOI,1737,22,141,180,164.0,91.4,7.0,1.0,4,3,8.6,0.0,0.0,30.1,49.9
FL1115,AI207,2023-04-25,4,Tuesday,0,Air India,A319,VTZ,HYD,300,12,59,144,125.0,87.3,5.0,4.0,2,6,0.0,0.0,12.3,28.9,34.6
FL0360,AI711,2023-06-23,6,Friday,0,Air India,B737,BHO,HYD,353,8,50,162,147.0,91.3,2.0,5.0,2,6,6.7,37.6,0.0,54.9,76.3
FL1209,AI699,2023-12-08,12,Friday,0,Air India,A320,GAU,HYD,591,19,61,180,133.0,74.4,4.0,3.0,2,6,6.6,11.5,0.0,20.0,39.9
FL0963,SG481,2023-02-05,2,Sunday,1,SpiceJet,,PAT,MAA,1766,20,175,220,,88.1,3.0,2.0,2,6,4.5,0.0,0.0,18.3,49.9
FL0819,6E441,2023-05-06,5,Saturday,1,IndiGo,A321,SXR,IXB,963,6,100,220,171.0,,1.0,5.0,2,2,4.6,0.0,0.0,9.0,9.8
FL0812,SG159,2023-09-30,9,Saturday,1,SpiceJet,A319,SXR,BHO,1374,13,146,144,114.0,79.2,3.0,6.0,2,2,0.0,39.5,0.0,42.9,81.2
FL1076,SG591,2023-06-28,6,Wednesday,0,SpiceJet,B737,DEL,HYD,1253,6,127,162,141.0,87.6,4.0,8.0,9,6,6.8,0.0,0.0,7.8,66.0
FL0558,I5206,2023-12-21,12,Thursday,0,AirAsia India,B737,MAA,BOM,1340,22,133,162,140.0,87.0,9.0,,6,9,0.0,0.0,0.0,34.6,86.2
FL1206,SG577,2023-06-26,6,Monday,0,SpiceJet,A319,PNQ,DEL,1200,22,105,144,104.0,72.9,5.0,4.0,4,9,1.0,0.0,0.0,15.7,35.8
FL0745,6E965,2023-05-13,5,Saturday,1,IndiGo,A320,IXC,LKO,945,14,99,180,163.0,90.7,3.0,2.0,2,3,1.6,,0.0,4.2,15.6
FL0821,AI985,2023-02-12,2,Sunday,1,Air India,B737,BOM,CCU,1880,22,160,162,116.0,71.8,4.0,1.0,9,5,0.0,0.0,0.0,6.2,40.9
FL0014,G8651,2023-12-26,12,Tuesday,0,GoFirst,A320,IXC,MAA,842,12,99,180,143.0,80.0,1.0,1.0,2,6,0.0,29.6,0.0,41.9,32.8
FL0297,6E443,2023-06-18,6,Sunday,1,IndiGo,B737,BOM,DEL,1148,16,118,162,112.0,69.5,8.0,6.0,9,9,0.7,0.0,0.0,34.6,75.4
FL0820,6E788,2023-08-23,8,Wednesday,0,IndiGo,A320,IXB,DEL,659,12,78,180,155.0,86.7,10.0,6.0,2,9,0.0,15.3,0.0,55.3,49.6
FL0240,I5284,2023-09-16,9,Saturday,1,AirAsia India,ATR72,BLR,IXC,461,7,57,70,59.0,,8.0,6.0,7,2,19.5,0.0,0.0,47.8,57.0
FL0776,UK363,2023-08-10,8,Thursday,0,Vistara,A321,GOI,PNQ,1326,7,115,220,197.0,89.6,1.0,5.0,3,4,3.8,0.0,0.0,0.0,40.3
FL0050,UK674,2023-11-12,11,Sunday,1,Vistara,A321,AMD,CCU,1818,19,173,220,189.0,86.1,1.0,4.0,4,5,7.0,0.0,0.0,6.6,36.4
FL1371,AI943,2023-07-12,7,Wednesday,0,Air India,A320,GAU,LKO,800,13,91,180,152.0,84.7,9.0,9.0,2,3,0.0,0.0,0.0,30.6,93.0
FL0756,6E155,2023-01-01,1,Sunday,1,IndiGo,B737,VTZ,DEL,1320,6,133,162,125.0,77.4,1.0,,2,9,6.1,0.0,0.0,12.7,36.7
FL0085,SG304,2023-12-04,12,Monday,0,SpiceJet,B777,BLR,BOM,980,21,117,342,241.0,70.6,,3.0,7,9,0.0,0.0,0.0,41.6,72.7
FL1195,6E203,2023-06-10,6,Saturday,1,IndiGo,A320,PAT,ATQ,1928,7,182,180,130.0,72.4,4.0,2.0,2,2,4.6,0.0,0.0,9.5,37.4
FL1374,UK951,2023-10-19,10,Thursday,0,Vistara,B777,CCU,PAT,531,12,56,342,296.0,86.6,1.0,6.0,5,2,0.0,17.0,0.0,19.7,27.6
FL1019,S5807,2023-04-04,4,Tuesday,0,StarAir,B787,PAT,JAI,1472,8,142,296,250.0,84.7,3.0,8.0,2,4,,0.0,0.0,13.5,67.5
FL0035,SG270,2023-07-09,7,Sunday,1,SpiceJet,A321,DEL,HYD,1253,15,124,220,164.0,74.7,5.0,4.0,9,6,0.0,0.0,0.0,19.6,52.9
FL0506,6E586,2023-06-27,6,Tuesday,0,IndiGo,A320,BOM,BHO,978,18,102,180,163.0,90.7,1.0,7.0,9,2,19.7,0.0,1.7,22.7,69.1
FL0466,SG284,2023-03-27,3,Monday,0,SpiceJet,ATR72,ATQ,LKO,1458,6,149,70,46.0,66.5,3.0,2.0,2,3,0.0,0.0,0.0,3.5,16.5
FL1352,G8361,2023-12-08,12,Friday,0,GoFirst,A320,AMD,MAA,1793,10,167,180,151.0,84.0,6.0,6.0,4,6,2.1,0.0,0.0,23.5,51.7
FL0795,AI949,2023-10-13,10,Friday,0,Air India,B737,VTZ,BOM,1713,21,148,162,122.0,75.6,2.0,1.0,2,9,0.0,0.0,0.0,6.3,31.0
FL1033,6E364,2023-11-16,11,Thursday,0,IndiGo,B737,BHO,BOM,713,18,87,162,122.0,75.4,3.0,2.0,2,9,,29.9,0.0,41.0,57.2
FL1048,6E434,2023-03-03,3,Friday,0,IndiGo,A321,LKO,IXC,1533,11,128,220,195.0,88.8,4.0,2.0,3,2,6.0,0.0,0.0,11.3,24.5
FL0491,SG753,2023-08-11,8,Friday,0,SpiceJet,B737,VTZ,ATQ,708,11,72,162,138.0,85.4,6.0,9.0,2,2,0.0,0.0,0.0,18.4,92.0
FL1042,G8135,2023-10-18,10,Wednesday,0,GoFirst,B737,GOI,DEL,1600,6,126,162,162.0,100.0,1.0,4.0,3,9,6.6,0.0,0.0,17.1,58.3
FL0234,6E812,2023-04-07,4,Friday,0,IndiGo,A320,JAI,CCU,2000,8,181,180,141.0,78.8,2.0,1.0,4,5,1.6,0.0,0.0,0.0,3.8
FL0901,6E143,2023-10-01,10,Sunday,1,IndiGo,CRJ-900,BOM,LKO,1100,7,100,90,73.0,82.1,3.0,2.0,9,3,,15.8,0.0,40.8,31.6
FL1241,6E495,2023-12-25,12,Monday,0,IndiGo,B737,DEL,COK,1900,8,169,162,109.0,67.9,8.0,4.0,9,4,24.8,25.9,0.0,91.8,49.7
FL0151,SG797,2023-02-05,2,Sunday,1,SpiceJet,A321,COK,GOI,1688,13,173,220,179.0,81.4,2.0,1.0,4,3,,0.0,0.0,3.8,11.5
FL1418,6E280,2023-05-11,5,Thursday,0,IndiGo,B777,BLR,SXR,671,14,87,342,281.0,82.2,3.0,1.0,7,2,10.8,0.0,0.0,26.7,28.3
FL0573,6E941,2023-10-11,10,Wednesday,0,IndiGo,B737,HYD,BOM,620,11,64,162,129.0,79.9,2.0,2.0,6,9,3.3,0.0,0.0,11.0,21.5
FL0039,BZ973,2023-02-24,2,Friday,0,Blue Dart,B787,JAI,BOM,960,22,89,296,175.0,,5.0,2.0,4,9,7.0,0.0,0.0,15.1,34.7
FL0018,AI214,2023-11-05,11,Sunday,1,Air India,B787,HYD,IXB,1837,14,170,296,255.0,86.2,2.0,2.0,6,2,7.6,0.0,0.0,8.2,47.4
FL1423,6E742,2023-12-20,12,Wednesday,0,IndiGo,B737,MAA,AMD,1877,15,147,162,134.0,83.3,3.0,,6,4,4.0,26.6,0.0,35.3,14.6
FL0897,I5295,2023-04-21,4,Friday,0,AirAsia India,A321,COK,CCU,1435,7,138,220,179.0,81.6,4.0,1.0,4,5,5.6,0.0,0.0,8.2,38.0
FL1049,G8239,2023-05-12,5,Friday,0,GoFirst,A321,BOM,COK,1200,15,130,220,187.0,85.0,1.0,1.0,9,4,0.0,0.0,0.0,5.8,15.6
FL0256,UK948,2023-10-25,10,Wednesday,0,Vistara,A321,IXC,ATQ,1692,22,156,220,198.0,90.2,1.0,4.0,2,2,,0.0,0.0,1.2,18.1
FL0278,I5676,2023-02-23,2,Thursday,0,AirAsia India,A321,JAI,GAU,1996,8,184,220,143.0,65.1,5.0,6.0,4,2,5.9,0.0,0.0,15.6,47.7
FL0780,6E919,2023-09-12,9,Tuesday,0,IndiGo,A320,MAA,PNQ,1636,7,150,180,152.0,84.8,9.0,10.0,6,4,,58.5,0.0,111.4,112.5
FL0356,G8776,2023-02-23,2,Thursday,0,GoFirst,A320,LKO,IXB,1068,22,97,180,126.0,,1.0,1.0,3,2,0.4,0.0,0.0,0.2,12.4
FL0647,SG717,2023-11-13,11,Monday,0,SpiceJet,,SXR,HYD,490,7,50,180,147.0,82.2,1.0,8.0,2,6,12.2,0.0,0.0,22.4,96.4
FL0385,6E433,2023-11-17,11,Friday,0,IndiGo,A321,IXB,HYD,1937,8,184,220,168.0,76.5,3.0,4.0,2,6,6.9,0.0,0.0,7.9,21.1
FL0576,AI610,2023-02-21,2,Tuesday,0,Air India,B737,IXC,ATQ,1648,9,172,162,126.0,77.9,1.0,3.0,2,2,0.7,0.0,0.0,0.0,31.5
FL1411,AI757,2023-08-05,8,Saturday,1,Air India,ATR72,MAA,GOI,572,14,66,70,47.0,67.4,2.0,5.0,6,3,0.3,0.0,0.0,12.2,39.0
FL1429,SG942,2023-01-17,1,Tuesday,0,SpiceJet,B737,GOI,PNQ,1701,7,170,162,154.0,95.3,,4.0,3,4,0.0,0.0,0.0,5.1,61.8
FL1084,I5625,2023-02-07,2,Tuesday,0,AirAsia India,A319,VTZ,CCU,1189,22,120,144,118.0,82.1,2.0,2.0,2,5,0.4,0.0,0.0,0.0,23.5
FL0946,6E235,2023-07-17,7,Monday,0,IndiGo,B737,DEL,JAI,260,7,45,162,127.0,78.4,5.0,3.0,9,4,15.9,0.0,0.0,22.6,29.3
FL0125,I5470,2023-08-15,8,Tuesday,0,AirAsia India,B737,DEL,IXB,1246,6,117,162,138.0,85.3,,3.0,9,2,2.1,0.0,0.0,2.1,25.9
FL0962,AI157,2023-08-17,8,Thursday,0,Air India,ATR72,PAT,COK,1304,9,116,70,58.0,83.7,9.0,7.0,2,4,5.9,20.1,0.0,52.5,82.7
FL0298,AI616,2023-06-10,6,Saturday,1,Air India,A321,GAU,SXR,1311,10,119,220,154.0,70.2,6.0,6.0,2,2,0.0,0.0,0.0,30.3,62.4
FL1243,I5232,2023-10-15,10,Sunday,1,AirAsia India,B787,CCU,LKO,1141,19,110,296,277.0,93.7,5.0,6.0,5,3,3.9,0.0,0.0,19.1,43.7
FL1026,AI628,2023-05-17,5,Wednesday,0,Air India,A321,GAU,CCU,400,13,65,220,162.0,73.7,3.0,3.0,2,5,7.3,0.0,0.0,12.9,37.5
FL1386,6E229,2023-08-15,8,Tuesday,0,IndiGo,B737,PAT,MAA,524,20,69,162,134.0,83.0,10.0,8.0,2,6,13.5,0.0,0.0,48.2,71.6
FL0524,I5402,2023-02-04,2,Saturday,1,AirAsia India,B737,JAI,MAA,1777,13,167,162,128.0,79.0,4.0,1.0,4,6,1.2,18.8,0.0,19.2,36.0
FL0425,UK981,2023-11-04,11,Saturday,1,Vistara,A320,DEL,PAT,1000,7,99,180,122.0,67.8,3.0,5.0,9,2,0.0,0.0,0.0,4.5,10.3
FL1129,6E633,2023-07-19,7,Wednesday,0,IndiGo,B787,GAU,GOI,737,14,91,296,246.0,,8.0,,2,3,0.5,0.0,0.0,20.4,24.5
FL0008,6E396,2023-04-13,4,Thursday,0,IndiGo,B737,COK,BLR,520,19,65,162,155.0,95.8,5.0,2.0,4,7,11.1,7.1,0.0,37.4,285.0
FL0547,AI817,2023-04-06,4,Thursday,0,Air India,A321,BHO,HYD,1656,8,163,220,173.0,78.9,6.0,3.0,2,6,12.5,0.0,0.0,30.5,43.3
FL0883,6E194,2023-05-07,5,Sunday,1,IndiGo,A321,PNQ,JAI,815,12,102,220,200.0,91.2,1.0,2.0,4,4,2.6,0.0,7.4,12.9,12.8
FL1335,UK157,2023-10-20,10,Friday,0,Vistara,B777,MAA,BHO,1174,21,123,342,247.0,,1.0,10.0,6,2,2.5,0.0,0.0,18.4,90.0
FL1148,AI519,2023-05-07,5,Sunday,1,Air India,A321,MAA,LKO,482,12,58,220,169.0,76.9,4.0,5.0,6,3,0.0,0.0,0.0,7.0,37.4
FL0515,SG950,2023-11-26,11,Sunday,1,SpiceJet,B737,LKO,PAT,634,21,77,162,80.0,49.8,1.0,,3,2,,0.0,0.0,9.9,51.1
FL1265,AI337,2023-04-02,4,Sunday,1,Air India,,COK,PNQ,1409,21,130,162,,69.5,4.0,5.0,4,4,0.4,0.0,0.0,10.6,50.4
FL0336,SG256,2023-04-09,4,Sunday,1,SpiceJet,A321,AMD,IXB,1496,9,145,220,178.0,80.9,2.0,2.0,4,2,13.4,0.0,0.0,23.3,29.5
FL0849,SG280,2023-01-01,1,Sunday,1,SpiceJet,A320,IXB,IXC,966,21,101,180,163.0,90.7,,4.0,2,2,3.1,0.0,0.0,18.4,36.4
FL0520,AI778,2023-04-05,4,Wednesday,0,Air India,B777,SXR,PAT,1497,9,145,342,309.0,90.4,3.0,2.0,2,2,8.8,1.6,0.0,13.0,52.6
FL1357,AI755,2023-08-07,8,Monday,0,Air India,B737,GAU,HYD,1700,9,167,162,139.0,85.9,7.0,7.0,2,6,5.1,0.0,0.0,26.3,84.1
FL0704,6E866,2023-07-20,7,Thursday,0,IndiGo,A320,MAA,IXB,662,5,79,180,135.0,75.2,7.0,7.0,6,2,1.2,0.0,0.0,13.4,22.1
FL0075,SG443,2023-12-17,12,Sunday,1,SpiceJet,A321,AMD,ATQ,458,14,67,220,139.0,63.4,1.0,3.0,4,2,3.6,0.0,0.0,11.3,25.3
FL0983,UK552,2023-04-28,4,Friday,0,Vistara,B737,ATQ,LKO,938,13,97,162,128.0,79.3,5.0,5.0,2,3,1.2,0.0,0.0,24.8,41.0
FL1435,G8589,2023-11-14,11,Tuesday,0,GoFirst,A320,JAI,MAA,1099,9,110,180,163.0,90.9,3.0,7.0,4,6,13.0,0.0,0.0,25.4,64.5
FL1008,G8540,2023-01-13,1,Friday,0,GoFirst,A319,GAU,DEL,1660,8,163,144,105.0,73.0,9.0,6.0,2,9,19.0,0.0,5.9,70.4,61.8
FL1174,AI496,2023-06-03,6,Saturday,1,Air India,A321,HYD,PAT,1964,17,173,220,,89.4,9.0,7.0,6,2,13.2,0.0,0.0,49.2,102.4
FL0351,UK870,2023-11-19,11,Sunday,1,Vistara,A319,CCU,LKO,332,17,42,144,139.0,96.7,2.0,6.0,5,3,0.0,0.0,0.0,0.0,25.4
FL1384,6E221,2023-10-22,10,Sunday,1,IndiGo,B737,CCU,PNQ,1281,16,125,162,98.0,60.8,3.0,3.0,5,4,0.4,0.0,0.0,0.0,34.5
FL0898,UK852,2023-08-26,8,Saturday,1,Vistara,B737,HYD,PAT,1296,18,123,162,125.0,77.2,2.0,9.0,6,2,0.0,4.7,0.0,6.4,59.2
FL1077,6E737,2023-02-11,2,Saturday,1,IndiGo,B737,AMD,DEL,890,17,91,162,137.0,85.1,1.0,2.0,4,9,4.3,,1.2,31.5,41.3
FL0283,UK613,2023-04-23,4,Sunday,1,Vistara,A320,JAI,IXC,610,11,73,180,144.0,80.5,4.0,2.0,4,2,0.0,0.0,0.0,4.4,15.7
FL0115,SG252,2023-02-02,2,Thursday,0,SpiceJet,B737,IXB,COK,1170,10,110,162,157.0,97.1,1.0,2.0,2,4,,43.8,0.0,48.6,59.7
FL1254,AI506,2023-09-04,9,Monday,0,Air India,A320,IXC,PAT,1003,14,100,180,154.0,85.9,6.0,7.0,2,2,0.0,0.0,0.0,7.9,57.1
FL0127,6E345,2023-05-11,5,Thursday,0,IndiGo,A321,HYD,DEL,1253,10,126,220,184.0,83.7,5.0,8.0,6,9,0.0,0.0,0.0,15.6,59.7
FL0986,6E143,2023-07-31,7,Monday,0,IndiGo,B787,BLR,DEL,1740,13,157,296,,70.8,7.0,7.0,7,9,0.0,0.0,0.0,36.1,61.0
FL1421,UK717,2023-06-21,6,Wednesday,0,Vistara,A321,HYD,GAU,581,5,75,220,190.0,86.8,7.0,7.0,6,2,0.0,0.0,0.0,5.6,51.0
FL0045,AI656,2023-01-21,1,Saturday,1,Air India,B737,BLR,AMD,1056,20,116,162,124.0,76.6,2.0,4.0,7,4,21.0,7.6,0.0,35.8,79.3
FL1037,AI225,2023-12-27,12,Wednesday,0,Air India,B737,SXR,AMD,1316,16,126,162,160.0,98.8,1.0,3.0,2,4,0.7,0.0,0.0,9.5,40.3
FL0517,6E985,2023-02-13,2,Monday,0,IndiGo,A320,PNQ,COK,851,8,103,180,153.0,85.5,6.0,2.0,4,4,10.9,0.0,0.0,11.3,15.4
FL0393,UK554,2023-08-03,8,Thursday,0,Vistara,B777,ATQ,BHO,1702,6,144,342,291.0,85.3,9.0,8.0,2,2,9.2,0.0,0.0,42.2,56.1
FL0079,SG325,2023-09-09,9,Saturday,1,SpiceJet,A320,BHO,IXB,1830,6,155,180,160.0,,9.0,8.0,2,2,2.4,0.0,0.0,32.2,74.2
FL0550,6E804,2023-07-09,7,Sunday,1,IndiGo,A321,GOI,CCU,380,13,53,220,178.0,81.3,8.0,5.0,3,5,0.9,0.0,0.0,30.9,41.9
FL1137,AI793,2023-04-14,4,Friday,0,Air India,A320,BHO,MAA,1275,8,119,180,149.0,82.9,5.0,,2,6,0.2,3.8,0.0,4.4,26.7
FL0871,6E114,2023-03-02,3,Thursday,0,IndiGo,A319,AMD,MAA,1561,21,163,144,121.0,84.7,3.0,1.0,4,6,0.0,30.3,0.0,32.1,43.0
FL1104,6E606,2023-01-15,1,Sunday,1,IndiGo,B777,BLR,GOI,1627,6,149,342,319.0,93.4,5.0,6.0,7,3,1.4,0.0,0.0,11.6,47.2
FL0613,UK987,2023-07-13,7,Thursday,0,Vistara,A321,MAA,JAI,1687,9,143,220,210.0,95.5,9.0,5.0,6,4,13.7,0.0,0.0,42.8,50.7
FL1344,G8767,2023-02-03,2,Friday,0,GoFirst,A320,BLR,GAU,1497,7,144,180,137.0,76.2,2.0,1.0,7,2,31.8,0.0,0.0,30.0,48.2
FL1348,UK631,2023-03-17,3,Friday,0,Vistara,B737,CCU,IXC,1647,14,160,162,137.0,84.9,3.0,3.0,5,2,8.5,0.0,0.0,8.3,23.4
FL0710,AI355,2023-09-10,9,Sunday,1,Air India,B787,LKO,COK,1143,11,128,296,262.0,88.6,9.0,5.0,3,4,4.2,0.0,0.0,39.3,52.0
FL1283,6E532,2023-03-26,3,Sunday,1,IndiGo,B787,BLR,PAT,1115,12,115,296,256.0,86.5,3.0,1.0,7,2,4.2,0.0,0.0,5.1,19.3
FL0720,S5633,2023-12-31,12,Sunday,1,StarAir,A321,BOM,PNQ,149,10,31,220,163.0,74.2,4.0,3.0,9,4,2.5,0.0,0.0,7.7,18.0
FL0842,SG781,2023-10-04,10,Wednesday,0,SpiceJet,A321,MAA,GOI,1044,11,105,220,215.0,,6.0,4.0,6,3,,0.0,0.0,16.8,35.6
FL0214,S5955,2023-05-06,5,Saturday,1,StarAir,,BLR,JAI,1914,8,154,162,138.0,85.3,7.0,5.0,7,4,24.8,7.7,0.0,51.6,63.1
FL0692,6E899,2023-03-31,3,Friday,0,IndiGo,A320,IXB,VTZ,1630,13,153,180,129.0,72.0,,2.0,2,2,2.5,0.0,0.0,28.5,46.7
FL0635,SG106,2023-07-21,7,Friday,0,SpiceJet,A319,LKO,PAT,1297,16,113,144,98.0,,6.0,9.0,3,2,7.6,0.0,0.0,21.7,96.2
FL1020,6E729,2023-04-05,4,Wednesday,0,IndiGo,B737,ATQ,GAU,1961,8,178,162,138.0,85.4,1.0,6.0,2,2,5.3,0.0,0.0,15.5,46.2
FL0428,AI184,2023-05-04,5,Thursday,0,Air India,B777,GOI,GAU,1871,22,162,342,252.0,73.9,4.0,2.0,3,2,0.0,0.0,0.0,5.2,40.4
FL1132,AI227,2023-12-12,12,Tuesday,0,Air India,B737,SXR,LKO,553,17,65,162,131.0,81.2,1.0,2.0,2,3,6.0,12.1,0.0,25.5,50.4
FL1050,I5355,2023-03-30,3,Thursday,0,AirAsia India,A321,COK,JAI,942,13,103,220,182.0,82.9,5.0,3.0,4,4,0.0,0.0,0.0,1.8,10.5
FL0804,SG322,2023-04-16,4,Sunday,1,SpiceJet,A320,GAU,DEL,1660,7,147,180,180.0,100.0,1.0,2.0,2,9,11.0,0.0,0.0,9.3,55.0
FL0961,UK793,2023-02-09,2,Thursday,0,Vistara,A320,COK,DEL,1900,9,189,180,180.0,100.0,1.0,1.0,4,9,14.9,4.1,0.0,20.3,24.9
FL0742,6E867,2023-01-06,1,Friday,0,IndiGo,B737,SXR,PNQ,1467,13,133,162,158.0,98.0,1.0,9.0,2,4,7.6,0.0,0.0,4.1,52.3
FL1410,UK343,2023-05-09,5,Tuesday,0,Vistara,A320,AMD,IXB,543,11,58,180,171.0,95.1,3.0,2.0,4,2,0.0,0.0,1.4,3.8,25.7
FL1109,AI203,2023-02-16,2,Thursday,0,Air India,A321,MAA,COK,660,6,79,220,168.0,76.5,2.0,2.0,6,4,2.5,26.7,0.0,25.1,38.4
FL0736,UK597,2023-10-10,10,Tuesday,0,Vistara,ATR72,MAA,COK,660,11,71,70,64.0,92.7,2.0,2.0,6,4,0.0,0.0,0.0,8.6,22.1
FL1324,6E972,2023-12-25,12,Monday,0,IndiGo,A320,SXR,VTZ,754,7,80,180,164.0,91.5,3.0,4.0,2,2,0.7,5.6,4.2,13.6,6.5
FL0668,SG615,2023-08-17,8,Thursday,0,SpiceJet,A320,AMD,CCU,1133,5,113,180,112.0,62.6,6.0,9.0,4,5,0.0,0.0,0.0,15.0,88.5
FL0617,AI155,2023-12-05,12,Tuesday,0,Air India,A320,HYD,COK,880,16,92,180,106.0,59.4,6.0,6.0,6,4,1.6,0.0,0.0,26.8,77.7
FL0137,I5991,2023-02-11,2,Saturday,1,AirAsia India,ATR72,HYD,GAU,1235,7,104,70,65.0,93.5,2.0,2.0,6,2,17.9,8.8,0.0,36.4,42.3
FL0091,AI969,2023-02-10,2,Friday,0,Air India,A320,BHO,LKO,441,20,63,180,163.0,90.8,6.0,2.0,2,3,6.1,0.0,0.0,25.1,55.3
FL0310,I5622,2023-06-07,6,Wednesday,0,AirAsia India,B737,HYD,PNQ,1768,15,146,162,129.0,79.8,5.0,10.0,6,4,0.0,0.0,0.0,13.2,70.5
FL1414,6E280,2023-02-11,2,Saturday,1,IndiGo,ATR72,DEL,PAT,1000,11,93,70,60.0,86.9,6.0,4.0,9,2,0.1,0.0,0.0,10.3,11.4
FL0444,G8891,2023-05-09,5,Tuesday,0,GoFirst,A321,PNQ,ATQ,1054,9,116,220,191.0,87.0,1.0,3.0,4,2,0.0,0.0,0.0,13.2,36.4
FL1159,AI700,2023-10-29,10,Sunday,1,Air India,A320,PAT,HYD,406,6,62,180,138.0,77.2,7.0,3.0,2,6,3.0,25.2,0.0,45.9,57.4
FL0119,I5956,2023-10-20,10,Friday,0,AirAsia India,A319,AMD,DEL,890,19,96,144,144.0,100.0,,,4,9,0.0,2.7,0.0,9.0,44.3
FL0964,6E189,2023-08-11,8,Friday,0,IndiGo,A321,LKO,PAT,930,18,103,220,181.0,82.7,4.0,6.0,3,2,8.8,0.0,0.0,7.0,53.8
FL0689,AI360,2023-05-02,5,Tuesday,0,Air India,A320,PAT,HYD,1714,15,160,180,166.0,92.6,1.0,2.0,2,6,1.0,0.0,0.0,1.3,32.9
FL0141,6E202,2023-08-19,8,Saturday,1,IndiGo,A321,BLR,IXC,501,8,57,220,146.0,66.6,10.0,9.0,7,2,28.9,0.0,0.0,67.9,85.5
FL1455,SG897,2023-01-16,1,Monday,0,SpiceJet,B787,COK,GOI,522,13,55,296,263.0,88.9,1.0,4.0,4,3,0.5,29.9,0.0,33.7,46.1
FL0956,S5659,2023-11-07,11,Tuesday,0,StarAir,A320,MAA,ATQ,955,9,94,180,152.0,84.9,5.0,9.0,6,2,5.9,0.0,0.0,22.7,69.3
FL0703,6E378,2023-05-25,5,Thursday,0,IndiGo,B787,LKO,JAI,1275,15,120,296,262.0,88.7,5.0,3.0,3,4,0.0,0.0,0.0,7.6,25.2
FL0342,S5112,2023-06-30,6,Friday,0,StarAir,B737,ATQ,SXR,332,11,59,162,105.0,65.0,8.0,8.0,2,2,0.0,0.0,0.0,17.3,73.8
FL0838,SG706,2023-06-09,6,Friday,0,SpiceJet,B737,BLR,IXC,1102,18,106,162,129.0,80.0,4.0,6.0,7,2,21.4,,0.0,29.2,59.2
FL0759,S5685,2023-07-24,7,Monday,0,StarAir,A320,GOI,BHO,603,10,83,180,159.0,88.5,9.0,5.0,3,2,0.0,,0.0,72.0,70.2
FL1167,SG388,2023-02-24,2,Friday,0,SpiceJet,,PAT,LKO,1594,6,155,180,142.0,79.2,9.0,2.0,2,3,0.0,18.6,0.0,56.8,59.6
FL0728,AI237,2023-06-26,6,Monday,0,Air India,B737,COK,DEL,1900,15,165,162,146.0,90.7,,7.0,4,9,0.8,0.0,0.0,3.0,61.8
FL0413,6E816,2023-02-22,2,Wednesday,0,IndiGo,B737,CCU,BOM,1880,18,177,162,129.0,80.1,6.0,2.0,5,9,1.9,0.0,0.0,21.5,73.0
FL0586,AI799,2023-02-08,2,Wednesday,0,Air India,ATR72,COK,GOI,1836,10,163,70,65.0,,2.0,3.0,4,3,0.0,0.0,0.0,0.0,27.8
FL0815,AI927,2023-02-03,2,Friday,0,Air India,A321,IXB,ATQ,1364,17,144,220,130.0,59.4,2.0,1.0,2,2,2.9,0.0,0.0,7.9,53.5
FL1425,I5267,2023-10-02,10,Monday,0,AirAsia India,ATR72,MAA,SXR,1855,12,168,70,52.0,74.3,3.0,3.0,6,2,2.4,0.0,0.0,6.3,26.0
FL0774,I5353,2023-02-23,2,Thursday,0,AirAsia India,A321,SXR,IXC,1448,13,128,220,,66.3,8.0,7.0,2,2,6.6,0.0,7.2,40.0,34.3
FL0274,AI482,2023-10-31,10,Tuesday,0,Air India,A321,VTZ,HYD,300,22,55,220,185.0,84.5,5.0,1.0,2,6,3.8,25.1,0.0,35.5,54.2
FL0543,6E138,2023-08-15,8,Tuesday,0,IndiGo,A320,CCU,HYD,1440,19,144,180,122.0,68.3,7.0,9.0,5,6,0.0,0.0,0.0,26.8,84.8
FL0334,AI879,2023-02-15,2,Wednesday,0,Air India,A321,ATQ,IXC,501,17,59,220,190.0,86.8,1.0,5.0,2,2,1.4,0.0,0.0,1.4,67.1
FL1320,G8397,2023-01-09,1,Monday,0,GoFirst,B777,GAU,BHO,1955,11,180,342,292.0,85.5,4.0,,2,2,6.3,,0.0,19.8,41.6
FL0633,UK769,2023-06-16,6,Friday,0,Vistara,,AMD,GOI,1485,6,138,342,342.0,100.0,8.0,5.0,4,3,0.0,0.0,0.0,24.8,19.0
FL0376,UK622,2023-01-26,1,Thursday,0,Vistara,B737,JAI,IXC,516,13,69,162,139.0,86.4,7.0,7.0,4,2,,4.7,0.0,33.5,58.6
FL0602,6E297,2023-01-09,1,Monday,0,IndiGo,,SXR,IXC,1296,10,130,180,163.0,90.8,2.0,1.0,2,2,0.0,17.7,0.0,25.7,15.3
FL1500,6E414,2023-05-21,5,Sunday,1,IndiGo,B737,PNQ,GAU,880,14,88,162,155.0,95.9,1.0,4.0,4,2,6.1,6.3,0.0,16.2,18.6
FL1459,6E507,2023-09-07,9,Thursday,0,IndiGo,A320,GOI,DEL,1600,5,137,180,128.0,71.6,3.0,6.0,3,9,0.0,0.0,0.0,7.8,60.8
FL0744,UK261,2023-12-17,12,Sunday,1,Vistara,A321,CCU,COK,1426,17,136,220,163.0,74.4,2.0,1.0,5,4,5.1,,0.0,6.2,21.3
FL0830,G8830,2023-12-26,12,Tuesday,0,GoFirst,ATR72,SXR,MAA,720,7,70,70,60.0,86.8,,5.0,2,6,11.9,0.0,0.0,14.3,62.3
FL0863,6E138,2023-05-01,5,Monday,0,IndiGo,B777,AMD,IXC,1418,21,131,342,228.0,66.8,1.0,1.0,4,2,8.2,0.0,1.0,14.7,17.0
FL0440,6E427,2023-04-27,4,Thursday,0,IndiGo,ATR72,BHO,PNQ,959,22,92,70,65.0,94.1,4.0,5.0,2,4,0.6,38.9,0.0,45.1,240.0
FL0475,AI174,2023-08-06,8,Sunday,1,Air India,B787,MAA,HYD,520,5,66,296,223.0,75.5,7.0,9.0,6,6,0.0,,0.0,21.2,89.8
FL1419,6E281,2023-08-17,8,Thursday,0,IndiGo,B777,ATQ,CCU,1626,18,156,342,310.0,90.9,7.0,4.0,2,5,7.3,21.3,0.0,47.9,55.7
FL0129,SG621,2023-01-05,1,Thursday,0,SpiceJet,B737,HYD,CCU,1440,14,140,162,121.0,75.1,7.0,6.0,6,5,5.2,0.0,0.0,23.2,69.6
FL0259,AI664,2023-09-09,9,Saturday,1,Air India,B737,SXR,GOI,461,19,55,162,133.0,82.5,7.0,1.0,2,3,0.0,0.0,0.0,12.5,45.1
FL1056,AI564,2023-10-22,10,Sunday,1,Air India,ATR72,HYD,DEL,1253,20,109,70,58.0,83.4,6.0,5.0,6,9,9.0,0.0,0.0,10.4,88.5
FL0904,AI276,2023-01-15,1,Sunday,1,Air India,A321,BOM,AMD,530,21,53,220,185.0,84.5,4.0,6.0,9,4,0.0,0.0,0.0,1.1,30.2
FL0088,6E793,2023-08-05,8,Saturday,1,IndiGo,A320,HYD,VTZ,300,8,50,180,146.0,81.2,1.0,9.0,6,2,2.1,31.7,0.0,40.2,76.5
FL0025,S5806,2023-11-10,11,Friday,0,StarAir,A321,VTZ,BHO,733,19,83,220,214.0,97.6,1.0,6.0,2,2,3.8,0.0,0.0,13.7,55.3
FL0296,AI607,2023-07-27,7,Thursday,0,Air India,B787,CCU,BOM,1880,9,175,296,199.0,67.4,10.0,9.0,5,9,,0.0,0.0,48.1,98.1
FL0544,SG777,2023-06-26,6,Monday,0,SpiceJet,A320,AMD,IXB,1576,7,165,180,153.0,85.5,2.0,7.0,4,2,11.9,0.0,0.0,15.3,89.9
FL0979,6E240,2023-06-22,6,Thursday,0,IndiGo,A320,HYD,IXB,1487,14,131,180,159.0,88.7,7.0,8.0,6,2,11.4,0.0,0.0,23.4,65.0
FL0877,I5545,2023-04-23,4,Sunday,1,AirAsia India,A320,PAT,BHO,1271,16,132,180,164.0,91.4,1.0,1.0,2,2,5.3,,0.0,7.2,34.5
FL1176,I5927,2023-03-04,3,Saturday,1,AirAsia India,A320,LKO,COK,484,14,60,180,136.0,75.6,4.0,5.0,3,4,2.8,0.0,0.0,4.9,38.4
FL1409,6E410,2023-01-17,1,Tuesday,0,IndiGo,A320,SXR,IXC,1331,19,130,180,131.0,73.0,1.0,7.0,2,2,5.0,0.0,0.0,4.6,30.2
FL0948,6E905,2023-04-22,4,Saturday,1,IndiGo,A320,SXR,JAI,1143,18,118,180,130.0,72.5,3.0,4.0,2,4,8.6,0.0,0.0,10.8,39.2
FL1160,AI425,2023-04-11,4,Tuesday,0,Air India,B737,SXR,GAU,1088,19,112,162,154.0,95.5,2.0,6.0,2,2,8.7,0.0,0.0,12.9,58.2
FL0516,SG898,2023-02-12,2,Sunday,1,SpiceJet,A320,DEL,BHO,780,17,84,180,143.0,79.9,8.0,,9,2,21.1,0.5,0.0,48.8,49.8
FL1144,SG390,2023-11-20,11,Monday,0,SpiceJet,A320,MAA,VTZ,1163,14,112,180,158.0,88.2,1.0,2.0,6,2,0.1,0.0,0.0,14.0,33.5
FL0197,6E748,2023-11-14,11,Tuesday,0,IndiGo,B737,JAI,PNQ,982,10,112,162,131.0,81.0,2.0,1.0,4,4,4.6,0.0,0.0,11.3,18.7
FL0350,AI656,2023-09-13,9,Wednesday,0,Air India,A320,BOM,HYD,620,21,60,180,138.0,76.9,5.0,4.0,9,6,4.3,,0.0,8.4,56.6
FL0493,AI291,2023-05-27,5,Saturday,1,Air India,B787,GAU,PAT,678,7,66,296,251.0,85.0,5.0,4.0,2,2,,0.0,0.0,21.3,39.4
FL0892,SG816,2023-01-14,1,Saturday,1,SpiceJet,,DEL,BLR,1740,8,160,220,159.0,72.3,10.0,6.0,9,7,26.5,0.0,0.0,67.0,76.1
FL1442,SG969,2023-08-03,8,Thursday,0,SpiceJet,A320,MAA,HYD,520,7,66,180,130.0,72.5,9.0,3.0,6,6,15.5,0.0,0.0,51.9,54.8
FL0339,SG636,2023-10-07,10,Saturday,1,SpiceJet,A320,ATQ,CCU,1410,20,136,180,154.0,86.0,6.0,1.0,2,5,,0.0,0.0,24.0,48.4
FL0340,AI336,2023-12-15,12,Friday,0,Air India,B737,BOM,DEL,1148,7,115,162,156.0,,9.0,2.0,9,9,31.7,0.0,0.0,68.2,105.0
FL0470,6E814,2023-03-10,3,Friday,0,IndiGo,A319,CCU,COK,784,19,92,144,96.0,66.9,1.0,2.0,5,4,14.1,0.0,0.0,13.8,18.1
FL0829,I5435,2023-01-08,1,Sunday,1,AirAsia India,A320,JAI,SXR,1800,14,165,180,150.0,83.8,8.0,7.0,4,2,2.7,0.0,0.0,30.7,73.2
FL0659,6E714,2023-06-09,6,Friday,0,IndiGo,ATR72,DEL,HYD,1253,9,110,70,62.0,89.9,3.0,3.0,9,6,12.7,0.0,0.0,17.8,19.9
FL0500,I5844,2023-12-02,12,Saturday,1,AirAsia India,B737,COK,MAA,660,12,72,162,127.0,78.4,3.0,5.0,4,6,4.0,0.0,0.0,7.3,38.8
FL1499,AI505,2023-09-26,9,Tuesday,0,Air India,B737,IXC,BHO,1980,9,195,162,129.0,79.9,,7.0,2,2,0.0,0.0,0.0,8.7,74.6
FL1322,6E101,2023-08-25,8,Friday,0,IndiGo,ATR72,LKO,MAA,941,7,88,70,57.0,82.4,5.0,10.0,3,6,7.9,0.0,0.0,15.4,87.9
FL1249,I5850,2023-06-27,6,Tuesday,0,AirAsia India,B737,PAT,CCU,1150,14,114,162,134.0,83.2,3.0,4.0,2,5,2.9,25.2,0.0,29.0,49.4
FL1452,I5157,2023-02-16,2,Thursday,0,AirAsia India,ATR72,SXR,PAT,556,19,71,70,66.0,95.3,2.0,5.0,2,2,7.0,0.0,0.0,14.7,39.1
FL1315,AI349,2023-08-12,8,Saturday,1,Air India,B737,CCU,ATQ,536,6,63,162,119.0,73.7,9.0,10.0,5,2,0.0,0.0,0.0,28.0,104.8
FL1234,AI994,2023-04-24,4,Monday,0,Air India,A321,IXC,ATQ,1443,5,142,220,189.0,86.1,2.0,4.0,2,2,0.0,0.0,0.0,0.4,26.6
FL0594,6E140,2023-06-12,6,Monday,0,IndiGo,B737,DEL,LKO,510,20,66,162,124.0,76.8,7.0,10.0,9,3,29.0,0.0,0.0,56.0,94.7
FL0810,6E488,2023-07-03,7,Monday,0,IndiGo,A320,BOM,HYD,620,18,80,180,141.0,78.7,1.0,9.0,9,6,2.5,0.0,0.0,0.9,64.9
FL0872,UK927,2023-12-03,12,Sunday,1,Vistara,A321,CCU,VTZ,1813,7,169,220,196.0,89.3,,2.0,5,2,7.1,25.0,0.0,60.1,49.4
FL0372,I5533,2023-06-25,6,Sunday,1,AirAsia India,A319,MAA,JAI,795,21,77,144,105.0,73.5,7.0,9.0,6,4,0.0,0.0,0.0,13.1,83.0
FL1070,6E606,2023-04-14,4,Friday,0,IndiGo,ATR72,CCU,ATQ,1193,7,130,70,57.0,,,2.0,5,2,2.2,,0.0,10.5,17.0
FL1407,AI493,2023-07-20,7,Thursday,0,Air India,A320,GAU,SXR,453,10,59,180,169.0,94.4,5.0,4.0,2,2,1.5,0.0,0.0,11.4,42.3
FL1282,AI306,2023-05-31,5,Wednesday,0,Air India,A320,PNQ,JAI,884,19,99,180,143.0,79.8,1.0,4.0,4,4,10.1,0.0,0.0,20.1,54.6
FL0887,6E491,2023-01-28,1,Saturday,1,IndiGo,ATR72,AMD,CCU,1898,15,168,70,56.0,80.7,6.0,8.0,4,5,2.5,12.0,0.0,24.5,95.3
FL0739,SG671,2023-04-15,4,Saturday,1,SpiceJet,A321,ATQ,BLR,1258,20,120,220,175.0,79.6,5.0,1.0,2,7,0.0,0.0,0.0,0.0,67.8
FL0377,AI890,2023-12-21,12,Thursday,0,Air India,A321,IXB,VTZ,752,12,84,220,175.0,79.8,9.0,5.0,2,2,5.3,0.0,0.0,50.8,71.3
FL0597,6E649,2023-08-23,8,Wednesday,0,IndiGo,A320,SXR,BLR,1910,15,160,180,155.0,86.5,4.0,3.0,2,7,1.1,,0.0,6.0,61.4
FL0241,6E556,2023-05-28,5,Sunday,1,IndiGo,B737,JAI,HYD,463,10,61,162,135.0,83.7,1.0,3.0,4,6,8.0,19.1,0.0,30.8,31.2
FL0541,SG931,2023-12-23,12,Saturday,1,SpiceJet,A320,ATQ,LKO,1836,19,152,180,171.0,95.4,4.0,5.0,2,3,5.9,41.5,0.0,53.2,89.6
FL0007,6E982,2023-01-21,1,Saturday,1,IndiGo,A320,PAT,BLR,1430,19,141,180,168.0,93.9,6.0,4.0,2,7,5.6,21.9,0.0,47.9,70.8
FL0275,AI141,2023-07-27,7,Thursday,0,Air India,B787,LKO,MAA,707,13,76,296,256.0,86.6,8.0,8.0,3,6,5.2,0.0,0.0,28.5,82.6
FL1223,AI631,2023-10-12,10,Thursday,0,Air India,A320,GAU,BLR,575,7,66,180,148.0,82.4,7.0,4.0,2,7,4.8,0.0,0.0,10.6,85.8
FL0699,6E584,2023-12-23,12,Saturday,1,IndiGo,A321,CCU,BHO,510,7,52,220,179.0,81.5,4.0,5.0,5,2,2.5,46.5,0.0,49.0,38.0
FL0632,SG205,2023-07-01,7,Saturday,1,SpiceJet,A321,ATQ,IXC,395,6,63,220,156.0,71.3,6.0,1.0,2,2,0.0,0.0,0.0,14.5,43.0
FL0639,SG264,2023-05-06,5,Saturday,1,SpiceJet,A320,DEL,AMD,890,12,108,180,152.0,84.6,,1.0,9,4,0.4,3.0,0.0,10.4,32.6
FL1290,AI869,2023-01-02,1,Monday,0,Air India,ATR72,CCU,PNQ,1862,14,173,70,54.0,77.3,,5.0,5,4,0.5,0.0,0.0,4.7,36.5
FL0202,6E417,2023-04-11,4,Tuesday,0,IndiGo,A320,GOI,AMD,1511,20,140,180,150.0,83.4,1.0,2.0,3,4,,0.0,0.0,12.3,25.0
FL1393,AI637,2023-03-10,3,Friday,0,Air India,B737,COK,BLR,520,14,75,162,151.0,93.4,4.0,2.0,4,7,5.8,0.0,0.0,5.4,37.0
FL0747,6E135,2023-09-16,9,Saturday,1,IndiGo,ATR72,LKO,ATQ,1216,6,129,70,63.0,90.6,7.0,8.0,3,2,0.3,0.0,1.4,16.0,61.4
FL0800,UK274,2023-06-15,6,Thursday,0,Vistara,B737,SXR,CCU,1075,20,115,162,152.0,94.1,5.0,6.0,2,5,11.5,0.0,0.5,22.4,72.6
FL1493,6E666,2023-11-07,11,Tuesday,0,IndiGo,A320,HYD,COK,880,19,82,180,148.0,82.6,1.0,2.0,6,4,17.3,0.0,0.0,18.4,29.9
FL1034,6E120,2023-12-15,12,Friday,0,IndiGo,B737,CCU,BOM,1880,15,175,162,135.0,83.4,2.0,3.0,5,9,3.8,0.0,0.0,5.6,43.9
FL1236,AI433,2023-06-15,6,Thursday,0,Air India,A320,BHO,PAT,1862,22,146,180,147.0,82.0,8.0,7.0,2,2,4.7,0.0,0.0,36.1,98.1
FL1318,G8329,2023-07-28,7,Friday,0,GoFirst,B777,GAU,ATQ,485,15,68,342,254.0,74.5,9.0,6.0,2,2,0.4,0.0,0.0,40.5,65.2
FL0909,SG141,2023-02-08,2,Wednesday,0,SpiceJet,B737,LKO,IXB,13000,12,70,162,161.0,,3.0,6.0,3,2,0.0,0.0,0.0,4.3,68.0
FL0209,AI717,2023-08-08,8,Tuesday,0,Air India,A321,GAU,PAT,881,8,97,220,172.0,78.3,8.0,,2,2,8.8,38.0,0.0,74.2,129.1
FL0791,I5821,2023-10-21,10,Saturday,1,AirAsia India,B737,PAT,VTZ,1516,9,159,162,149.0,92.1,4.0,6.0,2,2,12.6,0.0,0.0,17.9,34.7
FL0162,SG554,2023-03-03,3,Friday,0,SpiceJet,A320,ATQ,BHO,872,8,86,180,140.0,77.8,2.0,1.0,2,2,5.0,0.0,0.0,2.3,40.5
FL1269,UK813,2023-03-29,3,Wednesday,0,Vistara,A320,CCU,GOI,494,14,56,180,160.0,89.4,1.0,4.0,5,3,3.4,0.0,0.0,12.3,24.7
FL0291,SG643,2023-12-15,12,Friday,0,SpiceJet,A320,HYD,VTZ,300,14,59,180,178.0,99.3,10.0,4.0,6,2,2.2,0.0,8.2,48.2,55.3
FL0522,SG767,2023-09-10,9,Sunday,1,SpiceJet,A321,JAI,AMD,834,8,85,220,,80.4,9.0,6.0,4,4,,0.0,0.0,46.0,53.8
FL0253,AI922,2023-05-09,5,Tuesday,0,Air India,A320,DEL,PAT,1000,7,90,180,150.0,83.4,2.0,1.0,9,2,0.6,0.0,0.0,3.5,29.5
FL0958,SG141,2023-09-04,9,Monday,0,SpiceJet,A319,IXB,IXC,993,17,113,144,113.0,78.6,8.0,6.0,2,2,10.6,0.0,0.0,48.3,79.9
FL0155,SG331,2023-07-06,7,Thursday,0,SpiceJet,A320,JAI,HYD,1259,14,126,180,138.0,77.0,8.0,3.0,4,6,1.1,0.0,0.0,24.8,26.1
FL1337,SG600,2023-11-22,11,Wednesday,0,SpiceJet,B777,MAA,BHO,801,12,96,342,253.0,74.2,4.0,3.0,6,2,7.3,1.6,0.0,6.6,13.1
FL0224,AI583,2023-07-03,7,Monday,0,Air India,B737,MAA,CCU,1640,5,164,162,145.0,90.0,8.0,5.0,6,5,0.0,21.6,0.0,50.1,84.6
FL0341,AI732,2023-10-29,10,Sunday,1,Air India,A320,DEL,PNQ,1200,18,117,180,180.0,100.0,3.0,5.0,9,4,23.5,0.0,0.0,30.3,80.2
FL1113,SG254,2023-05-10,5,Wednesday,0,SpiceJet,B777,LKO,BOM,1100,6,113,342,341.0,99.9,1.0,4.0,3,9,0.0,0.0,0.0,12.5,56.6
FL1045,6E549,2023-01-05,1,Thursday,0,IndiGo,B737,BLR,AMD,909,22,88,162,133.0,82.4,1.0,3.0,7,4,2.1,0.0,0.0,5.5,17.2
FL0973,6E802,2023-04-04,4,Tuesday,0,IndiGo,,IXB,ATQ,5500,8,125,180,158.0,88.1,6.0,5.0,2,2,5.7,0.0,0.0,31.3,49.0
FL0695,I5265,2023-11-12,11,Sunday,1,AirAsia India,A320,VTZ,IXB,1128,14,108,180,163.0,90.7,3.0,6.0,2,2,5.7,0.0,0.0,14.0,45.9
FL1446,6E350,2023-03-30,3,Thursday,0,IndiGo,A320,CCU,DEL,1305,10,124,180,160.0,89.3,1.0,4.0,5,9,0.0,0.0,0.0,10.0,14.5
FL1332,UK986,2023-04-19,4,Wednesday,0,Vistara,A320,HYD,CCU,1440,13,145,180,147.0,82.0,6.0,7.0,6,5,0.0,0.0,0.0,18.3,48.8
FL0770,AI908,2023-04-28,4,Friday,0,Air India,B737,BOM,GOI,450,19,54,162,129.0,,4.0,3.0,9,3,10.4,16.7,0.0,34.9,54.9
FL0817,6E925,2023-02-22,2,Wednesday,0,IndiGo,A321,VTZ,BHO,1147,17,101,220,165.0,75.0,4.0,1.0,2,2,12.1,37.8,0.0,43.9,43.2
FL1276,UK334,2023-08-11,8,Friday,0,Vistara,A320,SXR,BHO,1627,9,150,180,167.0,92.8,4.0,7.0,2,2,,0.0,0.0,0.0,41.5
FL0980,UK204,2023-10-27,10,Friday,0,Vistara,ATR72,LKO,SXR,1143,7,110,70,51.0,74.2,1.0,5.0,3,2,18.7,2.1,0.0,27.5,40.1
FL0501,6E632,2023-09-04,9,Monday,0,IndiGo,ATR72,PAT,IXB,1113,8,97,70,58.0,83.4,5.0,3.0,2,2,4.5,0.0,0.0,0.7,32.1
FL1484,G8809,2023-12-30,12,Saturday,1,GoFirst,A319,GAU,CCU,400,11,55,144,129.0,89.8,9.0,1.0,2,5,4.0,0.0,0.0,41.5,49.2
FL0026,UK353,2023-01-22,1,Sunday,1,Vistara,A320,PAT,LKO,1197,15,112,180,155.0,86.1,5.0,9.0,2,3,3.3,0.0,0.0,12.8,71.8
FL1326,SG226,2023-09-03,9,Sunday,1,SpiceJet,A321,BOM,LKO,1100,9,119,220,180.0,82.1,7.0,6.0,9,3,26.8,10.8,0.0,55.5,285.0
FL0760,SG814,2023-09-17,9,Sunday,1,SpiceJet,B737,PAT,AMD,474,11,58,162,121.0,75.0,9.0,9.0,2,4,2.4,0.0,0.0,30.7,91.2
FL1244,I5233,2023-09-23,9,Saturday,1,AirAsia India,CRJ-900,ATQ,BLR,1096,15,111,90,72.0,80.4,9.0,6.0,2,7,0.0,0.0,0.0,40.4,54.2
FL0609,6E874,2023-06-17,6,Saturday,1,IndiGo,A320,GAU,DEL,1660,13,133,180,161.0,89.8,5.0,3.0,2,9,,0.0,0.0,3.7,28.7
FL0951,UK264,2023-11-27,11,Monday,0,Vistara,A321,LKO,GOI,1233,8,112,220,165.0,75.3,1.0,5.0,3,3,,0.0,0.0,11.4,22.8
FL0642,6E274,2023-08-30,8,Wednesday,0,IndiGo,ATR72,COK,ATQ,1542,13,150,70,54.0,78.3,8.0,6.0,4,2,10.0,0.0,0.0,43.4,66.5
FL0477,6E728,2023-02-08,2,Wednesday,0,IndiGo,B737,ATQ,JAI,656,8,72,162,,91.3,2.0,1.0,2,4,9.4,0.0,0.0,13.1,13.6
FL0511,6E952,2023-09-25,9,Monday,0,IndiGo,A321,MAA,GAU,1464,21,133,220,204.0,92.8,6.0,2.0,6,2,0.2,11.3,0.0,21.1,38.3
FL1012,SG731,2023-11-17,11,Friday,0,SpiceJet,B737,BOM,BHO,839,15,88,162,139.0,86.2,3.0,1.0,9,2,0.0,0.0,0.0,12.4,30.3
FL0041,I5734,2023-11-16,11,Thursday,0,AirAsia India,B737,HYD,VTZ,300,16,53,162,113.0,69.9,6.0,2.0,6,2,6.5,46.3,0.0,79.3,50.0
FL0652,UK804,2023-07-10,7,Monday,0,Vistara,B737,SXR,HYD,1364,7,133,162,147.0,,5.0,5.0,2,6,0.0,0.0,0.0,3.9,16.7
FL1226,6E401,2023-05-24,5,Wednesday,0,IndiGo,A320,PNQ,GOI,1621,19,148,180,143.0,79.5,5.0,2.0,4,3,4.8,10.6,0.0,26.0,22.5
FL0374,UK753,2023-06-19,6,Monday,0,Vistara,A320,BOM,PAT,1736,20,162,180,137.0,76.6,10.0,10.0,9,2,12.3,0.0,0.0,42.5,76.6
FL0381,SG268,2023-11-09,11,Thursday,0,SpiceJet,A321,DEL,LKO,510,9,71,220,170.0,77.6,5.0,1.0,9,3,18.2,0.0,0.0,25.5,55.0
FL0840,AI815,2023-05-02,5,Tuesday,0,Air India,A321,IXC,VTZ,569,15,60,220,187.0,85.1,1.0,1.0,2,2,6.1,18.3,0.0,30.2,53.7
FL0809,AI867,2023-05-18,5,Thursday,0,Air India,A320,VTZ,IXB,1912,9,161,180,141.0,78.4,,6.0,2,2,3.9,,0.0,32.1,61.0
FL1472,I5798,2023-09-30,9,Saturday,1,AirAsia India,A320,BHO,GAU,1221,10,137,180,171.0,95.3,8.0,,2,2,0.0,13.8,0.0,38.2,72.3
FL0975,6E267,2023-07-13,7,Thursday,0,IndiGo,A319,MAA,LKO,1244,18,128,144,,79.8,10.0,9.0,6,3,10.8,0.0,0.0,50.1,99.1
FL0305,6E729,2023-05-08,5,Monday,0,IndiGo,A320,GOI,HYD,1608,15,150,180,162.0,90.3,3.0,3.0,3,6,0.0,0.0,0.0,6.9,33.5
FL1347,SG405,2023-06-02,6,Friday,0,SpiceJet,A320,AMD,BOM,530,20,72,180,151.0,84.3,4.0,4.0,4,9,,5.5,0.0,9.9,53.4
FL0945,6E309,2023-10-04,10,Wednesday,0,IndiGo,A319,AMD,HYD,1727,8,159,144,110.0,76.6,1.0,4.0,4,6,5.7,4.6,0.0,10.4,25.4
FL1279,6E309,2023-11-26,11,Sunday,1,IndiGo,A319,COK,BOM,1200,5,115,144,143.0,99.9,2.0,3.0,4,9,11.0,0.0,0.0,3.9,32.9
FL0069,6E493,2023-07-10,7,Monday,0,IndiGo,B737,IXC,BHO,1589,7,142,162,109.0,67.5,4.0,9.0,2,2,0.0,0.0,0.0,0.0,53.1
FL0150,6E460,2023-01-29,1,Sunday,1,IndiGo,CRJ-900,ATQ,GOI,1888,5,185,90,73.0,81.5,,1.0,2,3,0.1,0.0,0.0,0.2,35.9
FL1060,6E187,2023-06-28,6,Wednesday,0,IndiGo,,IXC,PNQ,1057,7,120,162,134.0,83.0,8.0,7.0,2,4,13.5,0.0,0.0,38.4,63.8
FL1439,SG335,2023-09-21,9,Thursday,0,SpiceJet,A321,ATQ,IXB,1393,12,122,220,197.0,89.8,8.0,5.0,2,2,0.0,0.0,0.0,21.5,52.3
FL0235,SG568,2023-07-20,7,Thursday,0,SpiceJet,A320,CCU,MAA,1640,8,163,180,141.0,78.7,5.0,9.0,5,6,,4.2,0.0,20.4,77.6
FL0615,UK843,2023-01-29,1,Sunday,1,Vistara,B777,GAU,IXB,474,22,57,342,275.0,,3.0,2.0,2,2,0.0,0.0,0.0,8.4,31.8
FL1098,6E585,2023-06-08,6,Thursday,0,IndiGo,A320,COK,BLR,520,15,54,180,129.0,71.8,4.0,7.0,4,7,0.0,9.6,0.0,11.7,54.0
FL0423,6E402,2023-12-21,12,Thursday,0,IndiGo,CRJ-900,COK,GAU,1542,21,123,90,79.0,88.3,1.0,1.0,4,2,2.3,0.0,0.0,6.1,14.3
FL0464,SG638,2023-06-03,6,Saturday,1,SpiceJet,ATR72,PAT,MAA,1158,6,126,70,62.0,88.7,6.0,9.0,2,6,0.0,0.0,0.0,12.2,59.8
FL0494,6E677,2023-04-06,4,Thursday,0,IndiGo,,AMD,ATQ,1252,15,124,220,168.0,76.8,9.0,4.0,4,2,10.6,7.8,0.0,47.1,35.1
FL0513,6E797,2023-03-06,3,Monday,0,IndiGo,B737,LKO,ATQ,1334,21,135,162,124.0,76.9,2.0,6.0,3,2,0.0,0.0,0.0,0.0,40.8
FL1474,6E497,2023-06-08,6,Thursday,0,IndiGo,B737,PAT,CCU,1467,10,125,162,146.0,90.4,5.0,8.0,2,5,1.4,0.0,0.0,6.4,66.5
FL1494,6E796,2023-08-15,8,Tuesday,0,IndiGo,A320,GAU,BHO,1081,12,115,180,148.0,82.6,7.0,4.0,2,2,2.6,5.8,0.0,31.9,28.7
FL0247,G8216,2023-07-18,7,Tuesday,0,GoFirst,B777,LKO,BHO,943,17,100,342,275.0,,8.0,4.0,3,2,2.7,,0.0,33.9,54.2
FL0864,UK245,2023-08-02,8,Wednesday,0,Vistara,,LKO,HYD,1488,14,130,180,148.0,82.6,4.0,6.0,3,6,0.0,0.0,0.0,4.8,40.6
FL1123,UK877,2023-01-11,1,Wednesday,0,Vistara,B737,JAI,BHO,1881,8,194,162,126.0,78.2,8.0,8.0,4,2,5.6,26.6,0.0,56.2,68.0
FL0434,6E480,2023-11-15,11,Wednesday,0,IndiGo,ATR72,SXR,GAU,1903,13,179,70,52.0,74.9,2.0,3.0,2,2,0.0,0.0,0.0,1.5,14.2
FL0707,6E452,2023-08-28,8,Monday,0,IndiGo,CRJ-900,DEL,GAU,1660,15,159,90,,77.2,4.0,7.0,9,2,4.7,0.0,0.0,8.2,36.6
FL1334,6E976,2023-08-03,8,Thursday,0,IndiGo,A320,COK,PNQ,1805,7,146,180,132.0,,8.0,,4,4,13.1,0.0,0.0,30.8,44.3
FL1383,UK861,2023-07-06,7,Thursday,0,Vistara,ATR72,HYD,PNQ,883,7,84,70,50.0,71.9,8.0,2.0,6,4,6.9,7.4,0.0,48.1,42.2
FL1332,UK986,2023-04-19,4,Wednesday,0,Vistara,A320,HYD,CCU,1440,13,145,180,147.0,82.0,6.0,7.0,6,5,0.0,0.0,0.0,18.3,48.8
FL1029,6E964,2023-01-01,1,Sunday,1,IndiGo,A321,MAA,AMD,608,21,73,220,206.0,93.9,4.0,2.0,6,4,2.5,0.0,0.0,15.0,27.8
FL1401,UK770,2023-09-01,9,Friday,0,Vistara,B737,VTZ,HYD,300,10,45,162,146.0,90.2,6.0,7.0,2,6,3.7,45.4,0.0,60.8,64.7
FL0391,I5561,2023-11-18,11,Saturday,1,AirAsia India,A319,CCU,SXR,891,21,78,144,111.0,77.7,3.0,2.0,5,2,0.0,0.0,0.0,0.0,15.9
FL0139,6E489,2023-03-04,3,Saturday,1,IndiGo,A321,BLR,LKO,1850,5,177,220,171.0,77.8,1.0,9.0,7,3,0.0,0.0,0.0,7.8,63.8
FL0997,6E975,2023-10-20,10,Friday,0,IndiGo,CRJ-900,GOI,ATQ,762,5,78,90,76.0,85.5,8.0,3.0,3,2,0.0,0.0,0.0,40.3,32.7
FL0476,6E261,2023-12-07,12,Thursday,0,IndiGo,ATR72,IXB,HYD,989,10,108,70,51.0,73.3,1.0,3.0,2,6,2.5,8.1,0.0,30.7,11.7
FL0262,6E732,2023-04-22,4,Saturday,1,IndiGo,ATR72,IXB,AMD,1633,9,129,70,50.0,72.5,8.0,4.0,2,4,13.1,0.0,0.0,45.8,32.5
FL1177,SG823,2023-09-01,9,Friday,0,SpiceJet,B787,ATQ,LKO,375,22,47,296,246.0,83.2,6.0,8.0,2,3,3.6,22.2,0.0,37.5,102.4
FL0816,SG740,2023-09-19,9,Tuesday,0,SpiceJet,A321,PNQ,JAI,696,7,78,220,160.0,73.2,8.0,9.0,4,4,8.7,10.9,2.6,42.2,83.9
FL0223,AI201,2023-07-22,7,Saturday,1,Air India,B737,PNQ,BHO,467,5,57,162,139.0,85.9,5.0,10.0,4,2,,0.0,0.2,15.1,69.3
FL0170,AI625,2023-11-27,11,Monday,0,Air India,B787,HYD,BLR,500,16,53,296,255.0,86.2,5.0,3.0,6,7,7.5,0.0,0.0,20.7,39.8
FL0888,6E551,2023-03-19,3,Sunday,1,IndiGo,A320,BOM,GOI,450,9,68,180,158.0,87.8,8.0,1.0,9,3,12.2,0.0,0.0,41.8,36.4
FL1175,UK326,2023-10-18,10,Wednesday,0,Vistara,B777,HYD,ATQ,1058,10,113,342,262.0,76.7,1.0,4.0,6,2,1.7,,0.0,21.2,34.6
FL1308,SG842,2023-03-22,3,Wednesday,0,SpiceJet,A320,HYD,DEL,1253,18,117,180,141.0,78.7,5.0,2.0,6,9,13.9,0.0,0.0,31.8,57.6
FL0996,AI390,2023-02-07,2,Tuesday,0,Air India,B737,BOM,HYD,620,22,80,162,139.0,,1.0,3.0,9,6,0.0,0.0,0.0,0.0,42.4
FL1375,6E855,2023-10-09,10,Monday,0,IndiGo,B777,GOI,JAI,1289,10,123,342,272.0,79.6,4.0,5.0,3,4,,,0.0,14.6,25.9
FL1065,AI245,2023-05-23,5,Tuesday,0,Air India,A319,IXC,MAA,483,21,56,144,105.0,73.2,5.0,2.0,2,6,7.5,9.8,0.0,26.7,68.1
FL1434,6E252,2023-01-12,1,Thursday,0,IndiGo,A321,AMD,BLR,1915,16,152,220,188.0,85.7,5.0,4.0,4,7,0.0,0.0,0.0,10.7,37.9
FL1030,UK943,2023-10-23,10,Monday,0,Vistara,B737,JAI,BLR,1598,11,159,162,150.0,92.9,1.0,4.0,4,7,2.3,0.0,0.0,1.0,25.8
FL0307,6E353,2023-06-25,6,Sunday,1,IndiGo,A319,ATQ,IXB,1942,8,154,144,116.0,80.8,,8.0,2,2,11.3,0.0,0.0,17.7,52.1
FL1309,AI816,2023-07-21,7,Friday,0,Air India,ATR72,VTZ,HYD,300,6,50,70,70.0,100.0,1.0,6.0,2,6,0.0,0.0,0.0,8.8,39.2
FL0685,I5334,2023-09-29,9,Friday,0,AirAsia India,B787,IXC,CCU,1470,22,145,296,201.0,68.0,4.0,6.0,2,5,8.1,55.3,0.0,69.1,72.1
FL1287,AI113,2023-10-12,10,Thursday,0,Air India,A321,MAA,SXR,700,7,77,220,201.0,91.8,1.0,3.0,6,2,11.1,41.3,0.0,56.4,69.5
FL1208,6E175,2023-04-28,4,Friday,0,IndiGo,A320,PAT,CCU,1991,17,166,180,180.0,100.0,2.0,1.0,2,5,3.8,0.0,0.0,6.1,40.9
FL0775,G8800,2023-08-24,8,Thursday,0,GoFirst,B737,JAI,SXR,1105,13,110,162,116.0,71.9,4.0,8.0,4,2,2.2,0.0,10.0,13.7,52.8
FL1310,I5753,2023-06-07,6,Wednesday,0,AirAsia India,A320,IXC,SXR,1354,14,119,180,156.0,87.0,6.0,4.0,2,2,0.0,0.0,0.0,13.8,21.5
FL1426,AI742,2023-04-11,4,Tuesday,0,Air India,B787,ATQ,MAA,799,13,75,296,,75.3,3.0,5.0,2,6,4.8,29.0,0.0,39.0,77.6
FL1314,I5952,2023-05-08,5,Monday,0,AirAsia India,B777,SXR,BOM,561,15,69,342,306.0,,3.0,3.0,2,9,0.0,0.0,0.0,8.5,30.9
FL0932,UK516,2023-03-24,3,Friday,0,Vistara,B737,PNQ,BLR,1443,12,134,162,154.0,95.3,,4.0,4,7,0.0,0.0,0.0,40.3,38.5
FL0614,6E686,2023-01-05,1,Thursday,0,IndiGo,ATR72,DEL,IXB,1436,12,128,70,49.0,,7.0,10.0,9,2,5.8,0.0,3.4,27.5,83.0
FL1274,UK757,2023-06-14,6,Wednesday,0,Vistara,B787,LKO,SXR,907,7,99,296,215.0,72.7,4.0,6.0,3,2,,0.0,0.0,9.5,50.9
FL0876,SG587,2023-01-08,1,Sunday,1,SpiceJet,B777,BOM,COK,1200,20,108,342,316.0,92.6,3.0,1.0,9,4,23.3,0.0,0.0,23.9,48.7
FL0596,6E638,2023-08-09,8,Wednesday,0,IndiGo,B737,IXB,GAU,1033,6,102,162,116.0,71.8,4.0,8.0,2,2,1.4,29.4,0.0,41.4,82.1
FL1325,SG715,2023-07-20,7,Thursday,0,SpiceJet,A321,MAA,JAI,748,21,77,220,148.0,67.5,4.0,6.0,6,4,7.7,0.0,0.0,16.4,57.6
FL1025,6E739,2023-11-30,11,Thursday,0,IndiGo,A319,BHO,IXB,941,7,97,144,120.0,83.7,1.0,9.0,2,2,10.1,15.6,0.0,28.8,76.2
FL1471,I5421,2023-04-13,4,Thursday,0,AirAsia India,B777,BHO,MAA,1202,6,108,342,307.0,90.0,2.0,5.0,2,6,5.8,0.0,0.0,17.7,30.7
FL0551,SG213,2023-08-12,8,Saturday,1,SpiceJet,A319,PNQ,DEL,1200,13,115,144,114.0,79.4,8.0,7.0,4,9,0.0,0.0,0.0,24.7,85.3
FL1145,UK991,2023-05-13,5,Saturday,1,Vistara,A321,ATQ,DEL,380,6,60,220,137.0,62.3,6.0,2.0,2,9,9.4,0.5,0.0,21.7,9.1
FL0826,6E343,2023-07-02,7,Sunday,1,IndiGo,B737,BOM,GOI,450,7,63,162,129.0,80.0,6.0,8.0,9,3,18.9,0.0,0.0,36.4,64.5
FL0019,6E369,2023-09-15,9,Friday,0,IndiGo,A320,CCU,ATQ,306,15,42,180,139.0,77.5,5.0,3.0,5,2,2.8,0.0,0.0,9.2,26.1
FL1312,G8456,2023-02-28,2,Tuesday,0,GoFirst,A320,VTZ,ATQ,1119,20,113,180,113.0,62.8,4.0,4.0,2,2,18.5,0.0,0.0,20.0,38.1
FL0985,UK180,2023-10-02,10,Monday,0,Vistara,CRJ-900,MAA,AMD,929,17,87,90,81.0,90.0,1.0,3.0,6,4,8.5,4.0,0.0,18.0,20.2
FL0651,AI861,2023-07-09,7,Sunday,1,Air India,B737,VTZ,GAU,1136,15,130,162,116.0,72.0,10.0,8.0,2,2,3.5,23.2,3.4,59.5,100.5
FL0009,6E266,2023-05-02,5,Tuesday,0,IndiGo,ATR72,HYD,BHO,869,9,92,70,51.0,74.2,6.0,4.0,6,2,10.8,0.0,0.0,32.4,18.2
FL0638,G8265,2023-02-08,2,Wednesday,0,GoFirst,B737,HYD,SXR,1682,12,145,162,136.0,84.2,6.0,2.0,6,2,1.3,0.0,0.0,17.2,39.6
FL0570,AI885,2023-08-21,8,Monday,0,Air India,ATR72,BOM,AMD,530,14,71,70,43.0,62.0,3.0,8.0,9,4,5.4,0.0,0.0,12.8,59.2
FL1489,AI292,2023-07-29,7,Saturday,1,Air India,A320,IXC,VTZ,499,18,69,180,146.0,81.2,4.0,7.0,2,2,10.7,,0.0,7.3,68.5
FL1190,UK197,2023-06-01,6,Thursday,0,Vistara,B737,PNQ,BLR,1888,18,161,162,,73.7,,8.0,4,7,11.8,0.0,0.0,20.3,104.4
FL0750,SG138,2023-06-14,6,Wednesday,0,SpiceJet,B737,SXR,IXB,1468,15,134,162,128.0,79.4,4.0,4.0,2,2,5.0,0.0,0.0,3.7,32.3
FL0387,6E568,2023-05-22,5,Monday,0,IndiGo,ATR72,PAT,BHO,1502,14,125,70,56.0,81.0,2.0,1.0,2,2,0.0,9.4,0.0,23.4,23.1
FL0878,UK142,2023-12-21,12,Thursday,0,Vistara,B737,IXC,PAT,1689,20,172,162,158.0,97.9,2.0,6.0,2,2,13.6,9.3,0.0,38.3,81.6
FL0326,UK872,2023-01-04,1,Wednesday,0,Vistara,B737,JAI,IXC,1136,9,111,162,162.0,100.0,8.0,5.0,4,2,5.7,25.0,0.0,69.6,53.1
FL1496,AI657,2023-02-03,2,Friday,0,Air India,CRJ-900,BHO,HYD,1316,13,144,90,64.0,72.0,2.0,2.0,2,6,,0.0,0.0,3.0,44.6
FL1318,G8329,2023-07-28,7,Friday,0,GoFirst,B777,GAU,ATQ,485,15,68,342,254.0,74.5,9.0,6.0,2,2,0.4,0.0,0.0,40.5,65.2
FL0939,AI826,2023-08-14,8,Monday,0,Air India,A320,LKO,CCU,1627,14,149,180,130.0,72.4,7.0,7.0,3,5,4.3,0.0,0.0,26.8,80.7
FL0147,AI493,2023-08-25,8,Friday,0,Air India,A320,BHO,AMD,1235,14,108,180,148.0,82.6,7.0,8.0,2,4,0.0,0.0,0.0,11.1,46.9
FL1403,SG828,2023-12-31,12,Sunday,1,SpiceJet,A320,GAU,MAA,389,13,63,180,154.0,85.8,1.0,2.0,2,6,5.9,3.8,0.0,18.0,35.7
FL0422,SG967,2023-02-16,2,Thursday,0,SpiceJet,A320,VTZ,GOI,1895,7,155,180,129.0,72.1,5.0,1.0,2,3,7.8,0.0,4.1,20.1,53.5
FL0087,SG217,2023-10-07,10,Saturday,1,SpiceJet,CRJ-900,LKO,CCU,1540,7,149,90,73.0,81.6,3.0,2.0,3,5,2.4,0.0,0.0,8.6,49.2
FL0232,I5850,2023-08-28,8,Monday,0,AirAsia India,A320,DEL,PAT,1000,22,104,180,147.0,81.9,5.0,8.0,9,2,3.8,0.0,0.0,7.8,58.3
FL0313,SG161,2023-12-31,12,Sunday,1,SpiceJet,A320,BOM,IXC,1005,8,114,180,161.0,89.6,3.0,,9,2,18.3,0.0,0.0,17.2,45.0
FL1432,UK285,2023-11-07,11,Tuesday,0,Vistara,B777,MAA,COK,660,6,68,342,,68.6,10.0,5.0,6,4,12.4,,0.0,47.8,48.9
FL1122,6E171,2023-05-28,5,Sunday,1,IndiGo,A321,IXC,MAA,1877,17,181,220,178.0,81.2,4.0,9.0,2,6,11.9,5.4,0.0,23.8,78.5
FL1427,6E623,2023-02-13,2,Monday,0,IndiGo,B737,DEL,BLR,1740,11,149,162,118.0,73.3,1.0,2.0,9,7,0.0,0.0,0.0,1.6,16.9
FL0601,6E629,2023-03-17,3,Friday,0,IndiGo,B737,HYD,BHO,825,14,93,162,128.0,79.2,4.0,9.0,6,2,0.9,0.0,0.0,3.0,42.0
FL0400,UK311,2023-05-05,5,Friday,0,Vistara,B777,BHO,CCU,1561,7,164,342,290.0,85.1,2.0,6.0,2,5,6.0,9.9,0.0,16.9,45.2
FL1013,UK957,2023-11-15,11,Wednesday,0,Vistara,A319,JAI,BOM,960,10,99,144,127.0,,1.0,2.0,4,9,0.0,,1.6,16.8,20.7
FL0894,G8937,2023-11-08,11,Wednesday,0,GoFirst,A321,BLR,IXB,762,13,74,220,177.0,80.6,2.0,4.0,7,2,8.1,,0.0,19.0,32.8
FL0043,6E423,2023-11-03,11,Friday,0,IndiGo,B777,AMD,BHO,568,7,62,342,292.0,85.4,4.0,2.0,4,2,11.6,0.0,0.0,23.5,39.6
FL0100,S5863,2023-05-09,5,Tuesday,0,StarAir,A321,IXB,LKO,1269,6,116,220,174.0,79.3,9.0,3.0,2,3,3.4,0.0,0.0,29.5,51.0
FL1001,UK338,2023-09-16,9,Saturday,1,Vistara,ATR72,JAI,COK,1518,21,143,70,64.0,92.4,4.0,5.0,4,4,0.2,0.0,0.0,9.7,46.0
FL0722,G8303,2023-04-29,4,Saturday,1,GoFirst,A320,GAU,SXR,550,8,58,180,180.0,100.0,3.0,6.0,2,2,15.5,0.0,0.0,17.2,50.0
FL1072,6E954,2023-02-08,2,Wednesday,0,IndiGo,A320,LKO,BLR,1850,7,180,180,135.0,75.5,5.0,7.0,3,7,,0.0,0.0,9.9,76.6
FL0489,6E150,2023-10-17,10,Tuesday,0,IndiGo,A321,GAU,AMD,1652,21,157,220,163.0,74.3,,4.0,2,4,5.7,30.1,0.0,36.6,32.9
FL1329,AI122,2023-01-04,1,Wednesday,0,Air India,ATR72,PAT,GOI,1969,19,168,70,63.0,91.1,4.0,4.0,2,3,6.6,0.0,0.0,8.0,48.0
FL0107,UK175,2023-09-18,9,Monday,0,Vistara,ATR72,AMD,SXR,533,21,73,70,63.0,90.1,6.0,9.0,4,2,4.2,0.0,0.0,16.4,68.8
FL0274,AI482,2023-10-31,10,Tuesday,0,Air India,A321,VTZ,HYD,300,22,55,220,185.0,84.5,5.0,1.0,2,6,3.8,25.1,0.0,35.5,54.2
FL0303,6E367,2023-05-15,5,Monday,0,IndiGo,B737,AMD,LKO,918,19,90,162,122.0,,2.0,1.0,4,3,3.1,0.0,0.0,9.3,38.3
FL0192,UK612,2023-06-09,6,Friday,0,Vistara,A320,BHO,CCU,564,10,66,180,151.0,84.1,5.0,,2,5,0.0,0.0,0.0,3.2,45.1
FL0302,6E492,2023-10-31,10,Tuesday,0,IndiGo,B737,MAA,SXR,962,9,105,162,140.0,86.5,2.0,8.0,6,2,,0.0,1.6,14.2,61.2
FL0799,AI187,2023-09-06,9,Wednesday,0,Air India,B737,BLR,MAA,340,14,51,162,109.0,67.8,1.0,2.0,7,6,3.2,0.0,0.0,9.8,195.0
FL0716,6E419,2023-11-08,11,Wednesday,0,IndiGo,A321,MAA,DEL,1760,10,154,220,198.0,90.1,3.0,2.0,6,9,2.7,0.0,0.0,0.3,12.5
FL0194,SG217,2023-08-21,8,Monday,0,SpiceJet,A321,BHO,VTZ,1128,8,99,220,161.0,,9.0,4.0,2,2,7.6,0.0,0.0,33.8,59.4
FL0461,6E276,2023-12-15,12,Friday,0,IndiGo,A319,BHO,PAT,1316,20,121,144,125.0,87.2,8.0,,2,2,5.7,0.0,0.0,31.5,93.9
FL0814,6E462,2023-03-10,3,Friday,0,IndiGo,B737,VTZ,JAI,831,8,102,162,94.0,58.4,3.0,9.0,2,4,,0.0,0.0,0.0,49.6
FL0905,I5165,2023-07-11,7,Tuesday,0,AirAsia India,B737,GOI,HYD,1234,13,120,162,156.0,96.8,10.0,6.0,3,6,0.0,0.0,0.0,41.4,71.3
FL0210,AI771,2023-02-23,2,Thursday,0,Air India,A320,BLR,VTZ,1659,16,142,180,179.0,100.0,,2.0,7,2,5.2,19.5,0.0,25.0,49.4
FL0935,SG981,2023-01-06,1,Friday,0,SpiceJet,A321,CCU,PAT,1583,19,127,220,171.0,78.0,4.0,3.0,5,2,1.9,0.0,0.0,0.0,35.8
FL0823,AI918,2023-04-21,4,Friday,0,Air India,A321,GAU,DEL,1660,19,143,220,175.0,79.9,7.0,,2,9,7.2,48.3,0.0,74.1,98.6
FL0631,6E910,2023-12-30,12,Saturday,1,IndiGo,A320,LKO,PNQ,387,5,56,180,180.0,100.0,4.0,,3,4,7.4,0.0,0.0,18.2,21.9
FL1258,6E793,2023-02-23,2,Thursday,0,IndiGo,CRJ-900,GAU,PAT,644,11,69,90,77.0,85.8,3.0,,2,2,2.1,9.4,0.0,8.3,37.6
FL0688,G8979,2023-01-08,1,Sunday,1,GoFirst,A321,GAU,JAI,1908,16,151,220,216.0,98.3,2.0,2.0,2,4,4.8,0.0,0.0,7.9,33.2
FL0490,UK189,2023-06-29,6,Thursday,0,Vistara,B737,GAU,ATQ,614,5,83,162,153.0,95.1,9.0,7.0,2,2,0.0,10.0,0.6,55.5,59.4
FL0480,UK679,2023-09-11,9,Monday,0,Vistara,B737,VTZ,JAI,1956,6,192,162,162.0,100.0,6.0,,2,4,7.0,0.0,0.0,27.2,50.8
FL1462,SG574,2023-04-27,4,Thursday,0,SpiceJet,CRJ-900,ATQ,VTZ,376,22,66,90,53.0,59.3,3.0,6.0,2,2,2.3,0.0,0.0,15.5,56.3
FL0046,AI779,2023-11-25,11,Saturday,1,Air India,ATR72,SXR,DEL,670,6,74,70,52.0,75.6,1.0,,2,9,,0.0,0.0,10.7,48.1
FL0045,AI656,2023-01-21,1,Saturday,1,Air India,B737,BLR,AMD,1056,20,116,162,124.0,76.6,2.0,4.0,7,4,21.0,7.6,0.0,35.8,79.3
FL1044,AI502,2023-06-14,6,Wednesday,0,Air India,A321,GAU,PNQ,1206,8,119,220,157.0,71.6,8.0,9.0,2,4,,0.0,0.0,40.5,103.9
FL1305,UK484,2023-12-08,12,Friday,0,Vistara,B777,BOM,MAA,1340,21,125,342,297.0,86.9,1.0,1.0,9,6,5.8,11.0,0.0,19.5,62.5
FL1200,SG250,2023-06-03,6,Saturday,1,SpiceJet,A320,LKO,GOI,1495,13,133,180,159.0,88.5,7.0,,3,3,0.0,0.0,0.0,25.7,91.7
FL0938,SG733,2023-11-16,11,Thursday,0,SpiceJet,B737,LKO,BOM,1100,9,119,162,105.0,65.1,1.0,,3,9,6.7,0.0,0.0,5.6,67.7
FL0200,UK559,2023-10-22,10,Sunday,1,Vistara,A320,CCU,SXR,1250,13,124,180,157.0,87.5,4.0,6.0,5,2,0.0,0.0,0.0,1.7,17.2
FL0176,AI447,2023-10-10,10,Tuesday,0,Air India,ATR72,GAU,COK,1180,14,114,70,,72.9,4.0,5.0,2,4,2.2,0.0,0.0,6.4,37.2
FL1277,6E354,2023-11-07,11,Tuesday,0,IndiGo,B787,PNQ,COK,1404,5,145,296,296.0,100.0,7.0,2.0,4,4,11.2,29.7,0.0,65.3,46.5
FL1046,SG603,2023-12-05,12,Tuesday,0,SpiceJet,A321,BHO,BOM,861,21,91,220,165.0,75.1,4.0,6.0,2,9,0.0,0.0,0.0,1.3,55.8
FL0293,UK999,2023-07-13,7,Thursday,0,Vistara,A320,DEL,IXB,623,13,76,180,150.0,83.9,7.0,7.0,9,2,1.0,0.0,0.0,29.6,60.3
FL0250,AI798,2023-02-08,2,Wednesday,0,Air India,A321,IXC,CCU,1760,20,161,220,131.0,59.9,2.0,3.0,2,5,4.6,0.0,0.0,11.7,46.1
FL0911,AI390,2023-08-19,8,Saturday,1,Air India,B737,CCU,BLR,1670,21,154,162,139.0,86.2,6.0,2.0,5,7,6.0,0.0,0.0,19.8,51.5
FL1453,UK809,2023-10-15,10,Sunday,1,Vistara,A321,CCU,IXB,140,20,40,220,170.0,77.6,5.0,2.0,5,2,3.9,,0.0,13.2,29.7
FL1456,I5711,2023-07-18,7,Tuesday,0,AirAsia India,A320,PNQ,JAI,633,12,78,180,145.0,80.9,7.0,7.0,4,4,7.7,0.0,0.0,31.9,42.8
FL0191,SG222,2023-11-11,11,Saturday,1,SpiceJet,,COK,MAA,660,13,86,70,58.0,83.1,4.0,1.0,4,6,0.0,0.0,0.0,1.0,16.9
FL1437,SG523,2023-08-04,8,Friday,0,SpiceJet,A320,LKO,JAI,1312,19,127,180,153.0,85.1,10.0,6.0,3,4,,0.0,0.0,41.0,91.6
FL1470,6E472,2023-08-11,8,Friday,0,IndiGo,B787,MAA,HYD,520,17,67,296,258.0,87.4,8.0,9.0,6,6,0.0,0.0,0.0,31.2,77.8
FL0311,6E672,2023-02-07,2,Tuesday,0,IndiGo,A321,IXC,MAA,1351,20,123,220,186.0,84.8,7.0,8.0,2,6,8.5,0.0,0.0,30.1,72.5
FL0734,SG257,2023-12-08,12,Friday,0,SpiceJet,B777,PAT,COK,1373,7,120,342,320.0,,6.0,4.0,2,4,6.0,0.0,0.0,30.8,63.2
FL1185,I5299,2023-05-08,5,Monday,0,AirAsia India,A320,AMD,IXC,1390,6,123,180,172.0,96.1,6.0,6.0,4,2,4.2,0.0,4.6,26.8,240.0
FL1327,I5160,2023-10-05,10,Thursday,0,AirAsia India,A321,ATQ,COK,1313,14,119,220,220.0,100.0,2.0,8.0,2,4,0.0,23.2,0.0,26.5,81.5
FL0324,UK852,2023-10-31,10,Tuesday,0,Vistara,,GOI,AMD,424,9,69,342,264.0,77.4,5.0,2.0,3,4,0.0,,0.0,12.5,24.8
FL0653,AI367,2023-11-08,11,Wednesday,0,Air India,A321,LKO,HYD,616,18,72,220,175.0,79.9,2.0,2.0,3,6,4.2,0.0,0.0,7.4,32.9
FL1178,UK213,2023-01-25,1,Wednesday,0,Vistara,A320,DEL,PNQ,1200,16,126,180,149.0,83.2,5.0,4.0,9,4,5.2,0.0,0.0,26.5,44.5
FL0432,6E859,2023-05-25,5,Thursday,0,IndiGo,A320,HYD,ATQ,1553,9,127,180,124.0,69.2,5.0,1.0,6,2,13.8,0.0,0.0,29.0,24.7
FL0113,G8398,2023-11-24,11,Friday,0,GoFirst,CRJ-900,DEL,IXC,250,13,43,90,67.0,74.5,3.0,3.0,9,2,0.0,0.0,0.0,6.7,28.4
FL0228,6E835,2023-10-07,10,Saturday,1,IndiGo,A320,GAU,DEL,1660,5,159,180,147.0,82.0,6.0,5.0,2,9,3.5,0.0,0.0,29.6,50.4
FL0852,AI730,2023-01-12,1,Thursday,0,Air India,B777,MAA,CCU,1640,6,145,342,309.0,,5.0,1.0,6,5,3.1,0.0,0.0,6.3,41.3
FL1127,I5552,2023-02-07,2,Tuesday,0,AirAsia India,B737,IXC,COK,1414,18,143,162,144.0,89.2,2.0,9.0,2,4,2.0,0.0,0.0,11.3,102.0
FL1422,6E950,2023-04-12,4,Wednesday,0,IndiGo,A320,PAT,DEL,1000,12,85,180,157.0,87.4,5.0,4.0,2,9,0.0,0.0,4.8,14.8,24.7
FL1370,S5294,2023-12-29,12,Friday,0,StarAir,B737,SXR,IXB,1729,14,176,162,129.0,79.8,5.0,9.0,2,2,0.0,4.9,0.4,20.8,75.2
FL0757,6E614,2023-02-20,2,Monday,0,IndiGo,A320,BOM,LKO,1100,14,106,180,121.0,67.4,2.0,2.0,9,3,4.7,0.0,0.0,16.8,24.2
FL0834,I5737,2023-12-18,12,Monday,0,AirAsia India,A320,HYD,GOI,605,12,74,180,120.0,67.0,2.0,6.0,6,3,2.4,42.5,0.0,48.6,46.1
FL0368,AI689,2023-09-30,9,Saturday,1,Air India,A319,JAI,GOI,1805,15,167,144,138.0,95.9,6.0,8.0,4,3,5.7,0.0,0.0,6.1,67.6
FL0238,G8547,2023-11-22,11,Wednesday,0,GoFirst,A320,BOM,LKO,9000,7,111,180,170.0,94.6,5.0,2.0,9,3,,5.0,0.0,36.7,51.3
FL0064,6E866,2023-01-02,1,Monday,0,IndiGo,A320,MAA,PNQ,1161,16,128,180,161.0,89.6,1.0,2.0,6,4,1.7,0.0,0.0,10.0,26.9
FL0375,6E760,2023-09-04,9,Monday,0,IndiGo,B787,PNQ,PAT,640,7,71,296,205.0,69.3,5.0,5.0,4,2,5.7,0.0,29.2,31.0,34.1
FL1000,AI166,2023-11-29,11,Wednesday,0,Air India,B777,IXB,HYD,1818,14,159,342,330.0,96.6,5.0,1.0,2,6,0.0,,0.0,8.5,39.9
FL0128,SG961,2023-09-14,9,Thursday,0,SpiceJet,B737,GAU,DEL,1660,11,166,162,133.0,82.4,8.0,7.0,2,9,7.4,0.0,0.0,35.0,80.4
FL0203,6E760,2023-04-23,4,Sunday,1,IndiGo,B777,BOM,BLR,980,8,115,342,286.0,83.6,3.0,,9,7,17.6,0.0,0.0,12.0,74.6
FL1412,SG477,2023-03-02,3,Thursday,0,SpiceJet,A319,GAU,HYD,302,12,40,144,110.0,77.1,3.0,5.0,2,6,1.9,0.0,0.0,5.0,42.5
FL0469,6E966,2023-08-08,8,Tuesday,0,IndiGo,,GAU,BOM,1864,15,166,220,,91.7,,6.0,2,9,0.0,0.0,0.0,1.2,56.3
FL0984,SG221,2023-11-20,11,Monday,0,SpiceJet,A320,JAI,CCU,1753,14,158,180,135.0,75.1,2.0,2.0,4,5,0.0,0.0,0.0,16.1,47.8
FL0889,UK653,2023-08-04,8,Friday,0,Vistara,A320,COK,BHO,665,8,70,180,164.0,91.1,3.0,7.0,4,2,5.4,0.0,0.0,4.6,48.2
FL0421,AI186,2023-12-16,12,Saturday,1,Air India,B737,BHO,JAI,1920,12,183,162,147.0,90.8,8.0,5.0,2,4,0.0,0.0,0.0,30.7,64.9
FL0015,6E241,2023-06-01,6,Thursday,0,IndiGo,B737,BHO,VTZ,1117,22,111,162,139.0,85.8,8.0,8.0,2,2,6.1,0.0,0.0,51.0,84.2
FL0530,6E154,2023-03-31,3,Friday,0,IndiGo,B737,AMD,VTZ,902,21,96,162,158.0,98.0,2.0,5.0,4,2,0.0,0.0,0.0,11.8,20.5
FL0952,SG257,2023-11-14,11,Tuesday,0,SpiceJet,B737,CCU,COK,1750,13,164,162,123.0,76.3,3.0,1.0,5,4,,0.0,0.0,15.7,27.6
FL0732,I5851,2023-03-04,3,Saturday,1,AirAsia India,B787,LKO,ATQ,301,6,39,296,263.0,,1.0,3.0,3,2,3.5,0.0,0.0,18.9,33.6
FL1018,G8424,2023-02-07,2,Tuesday,0,GoFirst,A320,AMD,DEL,890,17,100,180,173.0,96.3,3.0,1.0,4,9,1.8,0.0,0.0,0.8,48.5
FL0452,UK421,2023-04-28,4,Friday,0,Vistara,B777,HYD,CCU,1440,21,125,342,271.0,79.5,1.0,3.0,6,5,0.0,27.8,0.0,41.5,45.2
FL0891,AI609,2023-06-03,6,Saturday,1,Air India,A320,BLR,VTZ,1790,8,181,180,180.0,100.0,7.0,5.0,7,2,28.3,25.2,0.0,78.0,98.4
FL0310,I5622,2023-06-07,6,Wednesday,0,AirAsia India,B737,HYD,PNQ,1768,15,146,162,129.0,79.8,5.0,10.0,6,4,0.0,0.0,0.0,13.2,70.5
FL0002,6E338,2023-12-15,12,Friday,0,IndiGo,A320,BLR,VTZ,1164,21,118,180,176.0,98.1,1.0,2.0,7,2,0.0,22.4,0.0,28.7,44.2
FL1106,6E801,2023-05-16,5,Tuesday,0,IndiGo,A319,LKO,ATQ,775,15,93,144,97.0,68.0,1.0,5.0,3,2,0.3,0.0,0.0,3.9,27.1
FL0790,SG722,2023-08-14,8,Monday,0,SpiceJet,B737,JAI,ATQ,805,21,86,162,128.0,79.4,9.0,8.0,4,2,,0.0,0.0,34.6,73.0
FL0592,G8852,2023-05-02,5,Tuesday,0,GoFirst,B737,IXC,CCU,1698,15,141,162,154.0,95.1,2.0,3.0,2,5,3.2,14.9,0.0,21.1,27.6
FL0292,AI583,2023-12-04,12,Monday,0,Air India,A320,PNQ,BOM,149,9,31,180,138.0,77.0,3.0,1.0,4,9,18.3,5.6,0.0,26.8,83.0
FL1225,SG125,2023-10-13,10,Friday,0,SpiceJet,A320,BHO,LKO,1947,20,186,180,115.0,64.3,4.0,2.0,2,3,0.0,,0.0,4.1,22.1
FL0338,6E273,2023-02-06,2,Monday,0,IndiGo,B787,ATQ,SXR,1243,15,133,296,295.0,99.8,3.0,6.0,2,2,3.4,0.0,0.0,0.4,39.5
FL0411,AI805,2023-04-11,4,Tuesday,0,Air India,ATR72,IXC,ATQ,301,7,60,70,59.0,85.3,8.0,2.0,2,2,,0.0,0.0,39.5,63.0
FL1082,6E304,2023-08-19,8,Saturday,1,IndiGo,A320,MAA,PAT,1662,6,150,180,104.0,58.0,7.0,8.0,6,2,4.6,40.6,0.0,65.2,90.5
FL1488,UK977,2023-12-15,12,Friday,0,Vistara,ATR72,SXR,DEL,670,20,90,70,58.0,83.0,8.0,1.0,2,9,14.8,0.0,0.0,50.8,87.0
FL0219,6E993,2023-06-09,6,Friday,0,IndiGo,,BHO,CCU,1972,6,171,342,268.0,78.5,4.0,8.0,2,5,2.3,36.7,0.0,46.0,93.7
FL0346,SG769,2023-04-26,4,Wednesday,0,SpiceJet,A321,PNQ,AMD,914,7,79,220,198.0,90.3,7.0,4.0,4,4,10.2,0.0,0.0,28.8,49.2
FL1366,I5933,2023-02-15,2,Wednesday,0,AirAsia India,A320,GOI,AMD,1176,18,117,180,180.0,100.0,3.0,1.0,3,4,3.7,0.0,0.0,9.1,47.8
FL0832,AI419,2023-10-08,10,Sunday,1,Air India,A320,IXC,BOM,511,6,76,180,148.0,82.3,6.0,1.0,2,9,0.0,0.0,0.0,10.1,30.6
FL1154,6E603,2023-10-23,10,Monday,0,IndiGo,A320,BLR,IXB,1542,8,156,180,134.0,74.9,6.0,1.0,7,2,11.5,12.5,0.0,41.3,37.3
FL0663,SG815,2023-05-29,5,Monday,0,SpiceJet,A321,COK,BOM,1200,13,129,220,171.0,78.0,6.0,5.0,4,9,8.5,0.0,0.0,32.0,77.5
FL1286,UK592,2023-02-05,2,Sunday,1,Vistara,A319,IXC,GOI,1228,20,128,144,129.0,89.9,3.0,3.0,2,3,9.1,15.1,0.0,37.3,41.6
FL1373,AI532,2023-06-30,6,Friday,0,Air India,A321,BLR,PAT,573,14,69,220,195.0,88.9,5.0,8.0,7,2,,,0.0,8.0,33.1
FL0309,SG435,2023-08-26,8,Saturday,1,SpiceJet,ATR72,GAU,SXR,714,6,80,70,61.0,88.1,6.0,4.0,2,2,0.7,0.0,0.0,21.6,62.4
FL0116,SG866,2023-02-17,2,Friday,0,SpiceJet,A321,BLR,BOM,980,7,94,220,201.0,91.4,3.0,3.0,7,9,26.6,,0.0,33.3,70.8
FL0624,SG243,2023-08-05,8,Saturday,1,SpiceJet,A321,CCU,BLR,1670,14,141,220,180.0,82.1,10.0,8.0,5,7,0.0,0.0,0.0,38.1,77.2
FL1022,AI923,2023-03-10,3,Friday,0,Air India,A319,GOI,AMD,397,6,65,144,127.0,88.4,3.0,6.0,3,4,0.6,0.0,0.0,0.0,47.8
FL1180,SG230,2023-03-16,3,Thursday,0,SpiceJet,A321,CCU,BLR,1670,19,164,220,193.0,88.2,1.0,2.0,5,7,6.0,0.0,0.0,4.7,44.6
FL0168,S5115,2023-12-06,12,Wednesday,0,StarAir,ATR72,CCU,HYD,1440,19,131,70,56.0,81.2,4.0,1.0,5,6,8.0,0.0,5.2,15.9,37.9
FL0510,SG418,2023-04-11,4,Tuesday,0,SpiceJet,B737,LKO,BOM,1100,5,107,162,104.0,64.4,4.0,2.0,3,9,6.0,0.0,0.0,11.3,27.1
FL0960,6E639,2023-01-31,1,Tuesday,0,IndiGo,A319,JAI,BOM,960,22,99,144,125.0,87.3,6.0,,4,9,3.0,0.0,0.0,32.0,58.6
FL1299,UK274,2023-10-20,10,Friday,0,Vistara,B777,BHO,GAU,1153,13,119,342,266.0,77.9,1.0,4.0,2,2,0.0,0.0,0.0,16.3,36.1
FL0062,UK438,2023-02-19,2,Sunday,1,Vistara,A320,COK,PAT,1183,22,108,180,,79.9,9.0,2.0,4,2,0.0,,0.0,63.1,36.0
FL0908,6E244,2023-07-21,7,Friday,0,IndiGo,A321,IXB,CCU,140,6,30,220,154.0,70.1,3.0,,2,5,0.0,0.0,0.0,0.0,57.9
FL1449,G8718,2023-02-28,2,Tuesday,0,GoFirst,B737,HYD,CCU,1440,9,147,162,147.0,90.9,5.0,4.0,6,5,8.2,0.0,0.0,23.4,39.3
FL0746,I5484,2023-12-24,12,Sunday,1,AirAsia India,A321,BHO,JAI,1546,17,133,220,157.0,,,6.0,2,4,2.7,0.0,0.0,38.7,81.4
FL0822,S5678,2023-08-28,8,Monday,0,StarAir,B777,IXC,BHO,1820,8,172,342,308.0,90.3,10.0,7.0,2,2,12.1,25.6,0.0,58.2,78.5
FL0860,6E980,2023-10-09,10,Monday,0,IndiGo,A320,MAA,BLR,340,7,59,180,158.0,,,1.0,6,7,1.4,0.7,0.0,5.9,33.6
FL0120,SG279,2023-04-09,4,Sunday,1,SpiceJet,A321,DEL,GOI,1600,17,148,220,185.0,84.3,3.0,6.0,9,3,7.3,0.0,0.0,3.1,53.3
FL0623,6E598,2023-11-23,11,Thursday,0,IndiGo,A320,JAI,SXR,1247,8,107,180,166.0,92.5,2.0,,4,2,6.5,0.0,0.0,17.9,32.5
FL1182,6E537,2023-07-29,7,Saturday,1,IndiGo,B777,VTZ,AMD,1694,8,153,342,217.0,63.5,7.0,9.0,2,4,12.4,0.0,0.0,34.6,84.2
FL0216,UK554,2023-02-22,2,Wednesday,0,Vistara,B777,IXC,BOM,1141,8,104,342,292.0,,8.0,2.0,2,9,6.5,0.0,0.0,28.7,51.4
FL0367,AI421,2023-06-04,6,Sunday,1,Air India,B777,GOI,LKO,1535,9,151,342,259.0,75.8,9.0,6.0,3,3,,0.0,0.0,40.7,70.5
FL0447,SG245,2023-01-01,1,Sunday,1,SpiceJet,A321,COK,GAU,787,6,78,220,,66.4,4.0,3.0,4,2,2.5,0.0,0.0,9.2,23.3
FL0165,6E228,2023-01-28,1,Saturday,1,IndiGo,,COK,DEL,1900,8,156,162,110.0,68.4,1.0,1.0,4,9,6.7,21.2,0.0,31.5,23.6
FL1495,6E765,2023-06-19,6,Monday,0,IndiGo,A320,GOI,HYD,479,9,75,180,159.0,88.4,9.0,7.0,3,6,6.9,0.0,0.0,55.7,65.8
FL1143,SG597,2023-12-22,12,Friday,0,SpiceJet,B737,HYD,PAT,924,7,97,162,108.0,67.2,6.0,3.0,6,2,1.0,0.0,0.0,15.7,33.7
FL0173,AI182,2023-08-19,8,Saturday,1,Air India,A319,HYD,SXR,1758,9,169,144,120.0,83.6,5.0,5.0,6,2,4.8,0.0,0.0,17.3,40.9
FL0408,UK606,2023-11-22,11,Wednesday,0,Vistara,A321,GAU,PAT,746,5,83,220,143.0,65.4,3.0,,2,2,5.5,,0.0,16.4,5.4
FL1253,6E573,2023-11-09,11,Thursday,0,IndiGo,A321,BHO,ATQ,637,9,71,220,147.0,67.0,7.0,7.0,2,2,3.4,0.0,0.0,24.1,40.3
FL0526,6E787,2023-12-03,12,Sunday,1,IndiGo,A320,PNQ,IXB,1607,15,153,180,133.0,74.2,1.0,6.0,4,2,8.9,0.0,0.0,15.6,51.9
FL0927,AI321,2023-04-21,4,Friday,0,Air India,A320,PNQ,BLR,1143,17,111,180,138.0,77.0,5.0,6.0,4,7,4.7,0.0,0.0,23.8,89.8
FL0460,SG151,2023-10-05,10,Thursday,0,SpiceJet,B787,BLR,LKO,1850,12,182,296,190.0,64.4,1.0,2.0,7,3,0.9,7.1,0.0,5.6,26.1
FL1224,AI561,2023-11-01,11,Wednesday,0,Air India,A321,IXB,BOM,1252,7,120,220,145.0,66.2,2.0,6.0,2,9,9.6,0.0,0.0,5.5,69.0
FL0503,SG208,2023-06-09,6,Friday,0,SpiceJet,A320,IXB,VTZ,1853,5,150,180,148.0,82.5,10.0,3.0,2,2,1.5,0.0,0.0,43.5,68.1
FL1340,AI123,2023-12-07,12,Thursday,0,Air India,A321,HYD,SXR,1613,21,147,220,173.0,78.9,5.0,2.0,6,2,3.4,0.0,0.0,14.4,48.4
FL1021,G8177,2023-11-01,11,Wednesday,0,GoFirst,,BHO,COK,1317,19,115,296,207.0,70.0,2.0,2.0,2,4,0.0,0.0,0.0,7.6,16.0
FL1015,SG340,2023-11-25,11,Saturday,1,SpiceJet,B737,LKO,IXC,1019,19,95,162,162.0,100.0,1.0,4.0,3,2,7.7,16.2,0.0,24.4,30.8
FL1289,SG227,2023-03-23,3,Thursday,0,SpiceJet,A320,GOI,VTZ,445,22,66,180,153.0,85.4,4.0,2.0,3,2,0.0,0.0,7.0,10.2,39.5
FL1083,6E874,2023-06-06,6,Tuesday,0,IndiGo,A320,PAT,SXR,849,8,89,180,147.0,81.8,9.0,3.0,2,2,,0.0,0.0,49.8,34.1
FL1007,6E655,2023-06-21,6,Wednesday,0,IndiGo,B737,COK,JAI,1655,13,158,162,138.0,,5.0,4.0,4,4,3.9,0.0,0.0,3.4,36.0
FL1394,AI537,2023-11-08,11,Wednesday,0,Air India,B737,PNQ,AMD,988,7,85,162,135.0,83.7,1.0,2.0,4,4,5.0,0.0,0.0,13.5,47.7
FL1024,AI409,2023-08-24,8,Thursday,0,Air India,,BHO,COK,1011,20,97,180,161.0,89.7,,5.0,2,4,9.8,0.0,0.0,20.2,46.4
FL0277,G8962,2023-06-01,6,Thursday,0,GoFirst,B737,JAI,LKO,632,13,82,162,136.0,84.5,6.0,8.0,4,3,0.0,0.0,0.0,5.2,52.1
FL0396,SG943,2023-06-02,6,Friday,0,SpiceJet,A320,SXR,HYD,1472,10,143,180,161.0,89.7,7.0,7.0,2,6,4.9,34.3,0.0,62.4,120.8
FL0846,6E167,2023-11-13,11,Monday,0,IndiGo,A321,VTZ,PNQ,1422,6,129,220,129.0,58.9,5.0,4.0,2,4,0.0,13.3,0.0,24.1,34.5
FL0882,UK206,2023-10-30,10,Monday,0,Vistara,A321,DEL,HYD,1253,13,118,220,161.0,73.6,3.0,1.0,9,6,1.3,,0.0,8.2,23.1
FL0890,AI205,2023-12-31,12,Sunday,1,Air India,A320,VTZ,HYD,300,8,42,180,,89.8,3.0,3.0,2,6,0.0,0.0,0.0,0.0,19.2
FL0405,6E748,2023-11-01,11,Wednesday,0,IndiGo,A320,IXB,AMD,1585,15,159,180,127.0,70.9,3.0,1.0,2,4,0.0,0.0,0.0,5.7,7.0
FL1035,UK472,2023-11-24,11,Friday,0,Vistara,A320,JAI,GOI,430,5,47,180,132.0,73.8,4.0,1.0,4,3,0.9,0.0,0.0,9.1,15.7
FL0099,6E514,2023-12-10,12,Sunday,1,IndiGo,A320,ATQ,IXC,1923,10,175,180,169.0,94.4,1.0,1.0,2,2,0.0,11.0,0.0,17.9,33.3
FL0788,SG327,2023-07-11,7,Tuesday,0,SpiceJet,B737,BHO,DEL,780,6,83,162,151.0,93.6,3.0,7.0,2,9,0.0,0.0,0.0,0.0,70.4
FL1105,6E843,2023-06-06,6,Tuesday,0,IndiGo,A320,LKO,ATQ,1728,22,168,180,142.0,78.9,4.0,4.0,3,2,5.3,0.0,0.0,10.6,350.0
FL0462,UK728,2023-09-04,9,Monday,0,Vistara,A320,CCU,GOI,873,13,95,180,137.0,76.3,7.0,9.0,5,3,2.4,0.0,0.0,23.4,75.3
FL0183,G8810,2023-05-17,5,Wednesday,0,GoFirst,B737,VTZ,GAU,353,13,43,162,110.0,68.0,2.0,5.0,2,2,0.0,0.0,0.0,7.2,45.2
FL0691,SG795,2023-06-13,6,Tuesday,0,SpiceJet,B737,LKO,DEL,510,6,57,162,118.0,73.1,9.0,4.0,3,9,0.0,0.0,0.0,34.3,34.7
FL0233,SG145,2023-05-24,5,Wednesday,0,SpiceJet,A320,HYD,VTZ,300,16,55,180,99.0,55.3,1.0,5.0,6,2,,0.0,0.0,12.0,68.5
FL1460,AI790,2023-09-27,9,Wednesday,0,Air India,B737,JAI,BHO,1786,19,173,162,142.0,88.1,9.0,5.0,4,2,2.8,0.0,0.0,28.1,75.6
FL0248,6E893,2023-11-04,11,Saturday,1,IndiGo,A320,ATQ,GAU,1092,5,115,180,174.0,96.7,4.0,7.0,2,2,4.7,0.0,0.0,6.5,48.3
FL1059,AI368,2023-10-15,10,Sunday,1,Air India,A320,BHO,CCU,1136,8,124,180,162.0,90.1,1.0,2.0,2,5,0.3,0.0,0.5,3.1,28.4
FL0276,SG720,2023-05-11,5,Thursday,0,SpiceJet,B777,MAA,LKO,1946,7,160,342,291.0,85.3,2.0,5.0,6,3,2.2,,0.0,8.3,41.5
FL1158,I5522,2023-09-14,9,Thursday,0,AirAsia India,B777,BOM,JAI,960,11,97,342,236.0,69.2,5.0,2.0,9,4,2.9,0.0,0.0,9.4,15.3
FL0971,SG527,2023-05-14,5,Sunday,1,SpiceJet,ATR72,GOI,SXR,554,8,75,70,65.0,93.9,1.0,2.0,3,2,3.5,0.0,0.0,0.1,21.4
FL1395,I5828,2023-10-16,10,Monday,0,AirAsia India,ATR72,GOI,HYD,851,22,85,70,60.0,85.9,1.0,1.0,3,6,5.3,0.0,0.0,16.5,27.1
FL1192,AI408,2023-06-29,6,Thursday,0,Air India,B737,MAA,BOM,1340,9,129,162,125.0,77.3,7.0,5.0,6,9,8.1,0.0,0.0,29.1,84.7
FL0029,6E840,2023-12-11,12,Monday,0,IndiGo,B737,PNQ,GOI,1670,6,151,162,,66.6,2.0,10.0,4,3,0.0,0.0,0.0,0.0,64.4
FL0177,UK483,2023-05-01,5,Monday,0,Vistara,B737,BHO,HYD,940,6,106,162,143.0,88.4,2.0,6.0,2,6,1.3,0.0,0.0,4.4,285.0
FL0483,SG850,2023-01-23,1,Monday,0,SpiceJet,A321,AMD,HYD,1775,21,152,220,175.0,79.6,4.0,9.0,4,6,0.0,19.6,0.0,21.8,97.3
FL0824,AI647,2023-09-06,9,Wednesday,0,Air India,A320,MAA,GOI,363,7,62,180,162.0,90.0,6.0,8.0,6,3,0.0,25.0,0.0,29.5,96.2
FL0267,AI493,2023-05-20,5,Saturday,1,Air India,ATR72,IXC,PNQ,588,15,69,70,,76.8,4.0,1.0,2,4,9.8,0.0,0.0,17.6,45.1
FL1372,UK636,2023-11-03,11,Friday,0,Vistara,B737,BOM,ATQ,645,8,71,162,125.0,77.4,10.0,2.0,9,2,8.8,0.0,0.0,49.1,45.5
FL0138,SG809,2023-06-28,6,Wednesday,0,SpiceJet,A319,BLR,SXR,1900,8,177,144,,79.5,8.0,8.0,7,2,27.9,0.0,0.0,56.0,100.4
FL0885,UK812,2023-08-02,8,Wednesday,0,Vistara,A320,PAT,VTZ,1944,10,179,180,119.0,66.5,8.0,6.0,2,2,3.3,0.0,0.0,28.0,43.8
FL1135,6E696,2023-08-06,8,Sunday,1,IndiGo,ATR72,PAT,GAU,1810,10,171,70,56.0,81.0,5.0,7.0,2,2,5.3,31.9,0.0,49.5,84.2
FL0604,I5801,2023-09-10,9,Sunday,1,AirAsia India,B737,BLR,PNQ,1672,13,142,162,135.0,,6.0,10.0,7,4,1.4,0.0,0.0,20.8,77.5
FL0841,UK581,2023-02-20,2,Monday,0,Vistara,A319,IXC,GOI,1701,7,156,144,123.0,85.9,8.0,2.0,2,3,15.3,0.0,0.0,36.9,28.7
FL0013,AI771,2023-04-10,4,Monday,0,Air India,A321,BLR,PNQ,1461,16,133,220,209.0,95.1,4.0,5.0,7,4,0.0,0.0,0.0,4.2,60.7
FL0702,AI274,2023-07-11,7,Tuesday,0,Air India,B737,GOI,ATQ,1583,7,150,162,102.0,63.5,3.0,7.0,3,2,18.9,0.0,0.0,19.8,58.6
FL0078,UK460,2023-08-03,8,Thursday,0,Vistara,A319,IXB,DEL,1867,14,171,144,109.0,75.8,7.0,6.0,2,9,3.9,0.0,0.0,23.0,63.3
FL0126,6E394,2023-04-11,4,Tuesday,0,IndiGo,A320,IXC,BOM,716,22,83,180,162.0,90.5,1.0,3.0,2,9,8.0,0.0,0.0,17.4,27.4
FL0694,I5755,2023-07-05,7,Wednesday,0,AirAsia India,ATR72,GOI,ATQ,1593,22,150,70,70.0,100.0,6.0,,3,2,2.8,0.0,0.0,11.6,50.9
FL0364,AI731,2023-12-08,12,Friday,0,Air India,A320,LKO,AMD,805,9,93,180,166.0,92.6,7.0,4.0,3,4,0.0,0.0,0.0,24.6,63.5
FL1131,6E481,2023-10-30,10,Monday,0,IndiGo,A320,GOI,IXC,1334,9,139,180,171.0,95.1,5.0,3.0,3,2,6.4,0.0,1.0,17.4,29.6
FL1187,UK128,2023-09-08,9,Friday,0,Vistara,A321,CCU,LKO,936,13,96,220,166.0,75.8,9.0,9.0,5,3,0.0,7.3,0.0,39.4,70.7
FL0836,6E653,2023-06-04,6,Sunday,1,IndiGo,B737,PNQ,CCU,445,10,49,162,,96.0,9.0,7.0,4,5,0.6,1.9,0.0,32.1,63.5
FL0017,6E357,2023-05-30,5,Tuesday,0,IndiGo,B737,BLR,BHO,1081,15,92,162,147.0,90.8,2.0,6.0,7,2,,0.0,0.0,1.8,28.8
FL0271,S5541,2023-08-21,8,Monday,0,StarAir,A319,VTZ,ATQ,885,16,95,144,117.0,81.8,8.0,9.0,2,2,4.6,0.0,0.0,23.9,97.2
FL0036,AI102,2023-06-24,6,Saturday,1,Air India,A320,ATQ,COK,1121,22,107,180,143.0,79.7,9.0,7.0,2,4,0.0,0.0,0.0,29.3,82.6
FL1346,UK265,2023-06-14,6,Wednesday,0,Vistara,A319,JAI,HYD,380,5,64,144,119.0,82.8,5.0,7.0,4,6,6.0,0.0,0.0,22.7,60.2
FL0581,AI322,2023-01-25,1,Wednesday,0,Air India,A319,GAU,JAI,1757,13,161,144,117.0,81.4,1.0,4.0,2,4,0.0,0.0,0.0,3.0,38.4
FL0304,6E263,2023-07-14,7,Friday,0,IndiGo,A319,PNQ,BOM,149,18,42,144,136.0,95.0,8.0,1.0,4,9,22.6,,0.0,64.1,55.2
FL0001,AI242,2023-04-13,4,Thursday,0,Air India,A320,HYD,DEL,1253,21,136,180,180.0,100.0,2.0,,6,9,0.0,0.0,0.0,1.9,47.2
FL0913,AI190,2023-05-06,5,Saturday,1,Air India,,VTZ,BOM,1521,20,130,162,134.0,83.2,4.0,3.0,2,9,4.8,12.6,0.0,29.8,63.1
FL0067,AI195,2023-09-17,9,Sunday,1,Air India,A321,BLR,JAI,1355,6,131,220,173.0,78.6,9.0,7.0,7,4,0.0,0.0,0.0,36.8,75.0
FL1229,AI857,2023-09-14,9,Thursday,0,Air India,A321,COK,MAA,660,16,70,220,196.0,89.2,9.0,10.0,4,6,0.0,0.0,0.0,32.5,111.5
FL0318,SG258,2023-08-14,8,Monday,0,SpiceJet,A320,GAU,PAT,1986,12,176,180,130.0,72.6,7.0,7.0,2,2,3.6,14.1,0.0,35.1,86.6
FL0006,6E570,2023-07-08,7,Saturday,1,IndiGo,B737,LKO,PAT,1536,7,128,162,141.0,87.5,5.0,10.0,3,2,8.9,0.0,0.8,25.1,72.0
FL1202,AI979,2023-02-18,2,Saturday,1,Air India,A320,BOM,AMD,530,21,73,180,162.0,90.2,5.0,2.0,9,4,3.7,0.0,0.0,13.4,47.8
FL0059,S5694,2023-02-04,2,Saturday,1,StarAir,A321,DEL,MAA,1760,15,154,220,191.0,87.0,4.0,3.0,9,6,0.0,0.0,0.0,12.2,29.4
FL0226,AI408,2023-09-12,9,Tuesday,0,Air India,A321,VTZ,SXR,1166,19,112,220,153.0,69.6,8.0,10.0,2,2,0.0,0.0,0.0,38.9,128.0
FL0098,I5346,2023-01-09,1,Monday,0,AirAsia India,CRJ-900,BLR,AMD,1774,20,165,90,69.0,77.3,4.0,2.0,7,4,14.1,,0.0,17.2,32.2
FL1259,UK791,2023-09-06,9,Wednesday,0,Vistara,B737,IXC,LKO,664,17,69,162,149.0,92.3,6.0,5.0,2,3,6.2,0.0,9.2,30.4,35.8
FL1240,G8132,2023-02-24,2,Friday,0,GoFirst,B737,BLR,COK,520,6,67,162,142.0,87.9,1.0,2.0,7,4,2.0,0.7,0.0,7.0,30.2
FL1479,S5489,2023-04-08,4,Saturday,1,StarAir,B777,COK,LKO,1463,13,149,342,294.0,86.0,6.0,3.0,4,3,0.0,0.0,0.0,14.9,37.9
FL0765,G8801,2023-03-13,3,Monday,0,GoFirst,B737,MAA,ATQ,391,12,49,162,130.0,80.3,2.0,1.0,6,2,5.1,0.0,0.0,10.2,18.7
FL0532,UK305,2023-04-15,4,Saturday,1,Vistara,A321,GOI,IXC,410,10,59,220,152.0,,6.0,7.0,3,2,6.4,0.0,0.0,6.4,45.3
FL0569,6E567,2023-04-10,4,Monday,0,IndiGo,B737,VTZ,GOI,1341,10,128,162,122.0,75.9,3.0,1.0,2,3,0.5,0.0,0.0,2.3,19.2
FL0924,BZ682,2023-05-26,5,Friday,0,Blue Dart,A320,LKO,AMD,714,7,83,180,168.0,93.4,1.0,,3,4,9.3,0.0,6.5,22.0,27.6
FL0322,6E426,2023-10-11,10,Wednesday,0,IndiGo,A320,SXR,GOI,779,16,89,180,150.0,83.6,1.0,2.0,2,3,6.0,0.0,0.0,13.2,30.9
FL0412,I5184,2023-09-21,9,Thursday,0,AirAsia India,A321,GOI,CCU,861,20,100,220,190.0,86.5,7.0,6.0,3,5,14.3,17.4,0.0,49.5,99.4
FL1108,6E188,2023-06-06,6,Tuesday,0,IndiGo,B737,ATQ,CCU,1573,5,138,162,139.0,85.8,7.0,8.0,2,5,0.0,0.0,0.0,19.5,57.2
FL0731,6E939,2023-10-09,10,Monday,0,IndiGo,A321,CCU,BLR,1670,15,163,220,164.0,75.0,4.0,2.0,5,7,5.5,0.0,0.0,21.9,45.7
FL0011,AI755,2023-11-27,11,Monday,0,Air India,ATR72,GAU,PNQ,634,22,67,70,54.0,,4.0,5.0,2,4,5.8,0.0,0.0,13.2,41.6
FL1010,6E599,2023-05-10,5,Wednesday,0,IndiGo,A321,CCU,SXR,1182,7,130,220,216.0,98.6,,2.0,5,2,7.4,9.4,0.0,23.9,30.2
FL1058,AI943,2023-01-14,1,Saturday,1,Air India,A320,PAT,MAA,1183,6,113,180,164.0,91.7,6.0,3.0,2,6,6.0,0.0,0.0,17.7,52.5
FL0969,6E409,2023-01-04,1,Wednesday,0,IndiGo,B737,PAT,GOI,1434,5,125,162,113.0,70.3,6.0,7.0,2,3,0.3,0.0,0.0,8.8,44.5
FL1248,AI567,2023-10-15,10,Sunday,1,Air India,A321,BOM,HYD,620,14,71,220,178.0,81.0,3.0,2.0,9,6,5.0,,0.0,24.6,50.1
FL0771,G8776,2023-09-16,9,Saturday,1,GoFirst,A321,BOM,ATQ,1640,14,154,220,171.0,,9.0,8.0,9,2,,0.0,0.0,32.7,90.5
FL1093,BZ275,2023-05-03,5,Wednesday,0,Blue Dart,A321,GAU,DEL,1660,6,145,220,163.0,74.4,4.0,2.0,2,9,2.2,0.0,0.0,5.3,26.1
FL0230,6E905,2023-04-08,4,Saturday,1,IndiGo,ATR72,SXR,LKO,438,20,64,70,62.0,88.7,4.0,2.0,2,3,8.9,0.0,0.0,12.8,23.1
FL0854,I5622,2023-02-15,2,Wednesday,0,AirAsia India,ATR72,LKO,BLR,1850,10,157,70,66.0,94.4,9.0,2.0,3,7,0.2,0.0,0.0,27.8,32.0
FL0831,SG708,2023-07-03,7,Monday,0,SpiceJet,A320,DEL,JAI,260,19,47,180,156.0,87.2,9.0,5.0,9,4,4.7,0.0,0.0,31.2,59.2
FL1303,6E130,2023-02-22,2,Wednesday,0,IndiGo,A320,GOI,BLR,1073,10,98,180,161.0,89.6,5.0,2.0,3,7,0.0,0.0,0.0,8.8,23.5
FL0347,6E752,2023-07-10,7,Monday,0,IndiGo,A320,BLR,BHO,1076,19,112,180,140.0,77.9,8.0,9.0,7,2,19.6,0.0,0.0,30.1,65.1
FL0419,6E730,2023-09-19,9,Tuesday,0,IndiGo,A320,LKO,COK,1586,20,138,180,156.0,,6.0,10.0,3,4,0.0,,0.0,26.9,84.9
FL1102,SG625,2023-08-04,8,Friday,0,SpiceJet,B737,IXB,GAU,895,11,97,162,131.0,81.0,9.0,8.0,2,2,4.3,14.3,0.0,41.6,80.8
FL0454,SG320,2023-03-30,3,Thursday,0,SpiceJet,B737,CCU,JAI,1992,15,172,162,104.0,64.6,1.0,4.0,5,4,3.8,0.0,0.0,4.7,35.9
FL0383,SG855,2023-06-22,6,Thursday,0,SpiceJet,,CCU,COK,1611,12,134,180,159.0,88.4,9.0,7.0,5,4,0.0,0.0,0.0,26.0,63.6
FL0968,6E240,2023-03-16,3,Thursday,0,IndiGo,B777,CCU,IXB,140,21,31,342,286.0,83.7,2.0,2.0,5,2,0.0,0.0,0.0,4.8,25.7
FL1498,6E580,2023-09-04,9,Monday,0,IndiGo,ATR72,PNQ,ATQ,1429,17,143,70,58.0,83.1,8.0,6.0,4,2,13.1,0.0,0.0,30.4,56.1
FL0294,AI887,2023-11-06,11,Monday,0,Air India,A321,COK,JAI,957,18,115,220,193.0,88.0,,1.0,4,4,8.8,12.6,0.8,37.1,54.3
FL1382,6E105,2023-04-23,4,Sunday,1,IndiGo,A320,IXC,ATQ,631,10,69,180,138.0,76.8,4.0,1.0,2,2,1.4,16.6,0.0,21.3,16.4
FL0716,6E419,2023-11-08,11,Wednesday,0,IndiGo,A321,MAA,DEL,1760,10,154,220,198.0,90.1,3.0,2.0,6,9,2.7,0.0,0.0,0.3,12.5
FL0231,UK496,2023-07-17,7,Monday,0,Vistara,A321,DEL,BHO,780,6,82,220,201.0,91.4,9.0,8.0,9,2,4.6,0.0,1.4,36.7,56.5
FL0095,AI784,2023-03-06,3,Monday,0,Air India,A321,AMD,ATQ,799,21,85,220,220.0,100.0,1.0,3.0,4,2,,0.0,0.0,6.1,33.4
FL0052,G8915,2023-08-30,8,Wednesday,0,GoFirst,ATR72,BHO,MAA,385,13,59,70,57.0,81.6,8.0,1.0,2,6,3.4,0.0,0.0,24.8,41.0
FL0030,UK196,2023-02-18,2,Saturday,1,Vistara,B737,ATQ,PNQ,1906,5,186,162,132.0,81.8,2.0,1.0,2,4,3.5,0.0,0.0,14.3,26.5
FL1416,AI375,2023-02-08,2,Wednesday,0,Air India,B737,VTZ,GAU,722,8,91,162,158.0,98.0,3.0,2.0,2,2,0.0,0.0,0.0,2.1,30.6
FL0568,6E662,2023-06-26,6,Monday,0,IndiGo,B777,DEL,MAA,1760,5,168,342,,91.9,7.0,8.0,9,6,6.5,0.0,11.0,34.8,115.7
FL1014,6E199,2023-04-11,4,Tuesday,0,IndiGo,A320,IXB,DEL,1867,18,164,180,141.0,78.6,5.0,7.0,2,9,7.7,0.0,0.0,26.9,87.5
FL0407,G8780,2023-06-19,6,Monday,0,GoFirst,A320,DEL,HYD,1253,13,112,180,150.0,83.5,4.0,7.0,9,6,7.1,0.0,0.0,11.4,48.8
FL0301,I5510,2023-10-04,10,Wednesday,0,AirAsia India,A320,VTZ,PAT,1993,13,185,180,159.0,88.4,,7.0,2,2,0.0,0.0,0.0,8.8,55.5
FL1217,I5698,2023-05-21,5,Sunday,1,AirAsia India,A321,BOM,GOI,450,12,54,220,197.0,89.6,3.0,4.0,9,3,0.0,0.0,0.0,2.8,15.3
FL0020,6E723,2023-12-10,12,Sunday,1,IndiGo,A320,SXR,HYD,1580,7,145,180,110.0,61.1,7.0,5.0,2,6,4.6,0.3,0.0,29.9,36.8
FL0861,AI560,2023-09-06,9,Wednesday,0,Air India,ATR72,BHO,CCU,1230,8,118,70,49.0,71.0,3.0,1.0,2,5,12.3,0.0,0.0,15.9,49.6
FL0484,6E948,2023-09-07,9,Thursday,0,IndiGo,A320,BHO,SXR,1075,21,111,180,132.0,73.8,6.0,10.0,2,2,0.0,0.0,0.0,17.7,78.9
FL0211,G8910,2023-12-09,12,Saturday,1,GoFirst,B737,MAA,BLR,340,12,45,162,161.0,99.9,3.0,,6,7,,4.0,0.0,9.6,55.8
FL0199,UK256,2023-09-25,9,Monday,0,Vistara,A320,PNQ,HYD,599,6,58,180,160.0,89.4,5.0,7.0,4,6,4.7,17.0,0.0,29.3,66.0
FL1152,G8223,2023-02-20,2,Monday,0,GoFirst,ATR72,SXR,COK,1837,6,159,70,62.0,89.6,4.0,2.0,2,4,2.2,0.0,0.0,6.8,27.6
FL1251,G8843,2023-01-08,1,Sunday,1,GoFirst,B737,AMD,IXB,897,21,101,162,138.0,85.2,7.0,7.0,4,2,0.0,0.0,0.0,11.4,65.3
FL0345,6E515,2023-07-07,7,Friday,0,IndiGo,A320,LKO,AMD,1928,6,175,180,143.0,79.6,6.0,,3,4,4.7,0.0,0.0,22.2,19.9
FL0249,6E225,2023-05-08,5,Monday,0,IndiGo,A320,COK,JAI,1721,12,158,180,,82.3,8.0,7.0,4,4,1.5,0.0,0.0,26.8,44.2
FL0390,AI760,2023-12-20,12,Wednesday,0,Air India,B777,PAT,IXC,680,8,87,342,288.0,84.4,,9.0,2,2,11.7,0.0,0.0,37.5,103.2
FL1455,SG897,2023-01-16,1,Monday,0,SpiceJet,B787,COK,GOI,522,13,55,296,263.0,88.9,1.0,4.0,4,3,0.5,29.9,0.0,33.7,46.1
FL1438,6E492,2023-12-05,12,Tuesday,0,IndiGo,B777,JAI,MAA,1942,5,176,342,301.0,88.1,7.0,10.0,4,6,0.0,0.0,0.0,5.7,93.6
FL0847,UK450,2023-01-22,1,Sunday,1,Vistara,A319,IXB,BHO,1906,9,158,144,144.0,100.0,1.0,2.0,2,2,0.0,0.0,0.0,1.1,14.9
FL1430,AI388,2023-11-26,11,Sunday,1,Air India,B737,CCU,HYD,1440,20,126,162,128.0,79.5,7.0,3.0,5,6,19.1,,0.0,55.4,76.7
FL0967,AI754,2023-08-08,8,Tuesday,0,Air India,B737,BLR,VTZ,1848,9,172,162,148.0,91.8,8.0,8.0,7,2,16.5,0.0,2.5,45.6,90.9
FL0641,AI777,2023-05-21,5,Sunday,1,Air India,ATR72,VTZ,IXB,1605,16,142,70,55.0,79.4,4.0,1.0,2,2,0.0,7.1,0.0,10.9,240.0
FL0598,SG400,2023-11-27,11,Monday,0,SpiceJet,B777,LKO,PNQ,736,19,92,342,257.0,75.4,1.0,2.0,3,4,7.8,0.0,0.0,11.0,37.6
FL0090,SG142,2023-07-07,7,Friday,0,SpiceJet,A320,VTZ,HYD,300,6,55,180,146.0,,5.0,7.0,2,6,0.0,0.0,0.0,11.6,71.9
FL0357,UK374,2023-02-27,2,Monday,0,Vistara,A321,VTZ,GOI,1934,14,184,220,220.0,100.0,1.0,7.0,2,3,,4.0,0.0,7.6,55.8
FL0949,6E235,2023-01-04,1,Wednesday,0,IndiGo,A319,IXB,SXR,1423,7,130,144,97.0,67.9,6.0,4.0,2,2,1.0,0.0,0.0,10.4,21.2
FL0204,G8910,2023-03-22,3,Wednesday,0,GoFirst,A321,VTZ,SXR,1087,10,121,220,148.0,67.5,2.0,4.0,2,2,0.8,0.0,0.0,4.6,21.7
FL0273,AI663,2023-05-27,5,Saturday,1,Air India,A321,GAU,GOI,450,22,69,220,174.0,79.3,9.0,6.0,2,3,2.4,0.0,0.0,33.5,81.1
FL0272,SG675,2023-04-09,4,Sunday,1,SpiceJet,B737,LKO,BHO,1049,10,110,162,147.0,91.3,,1.0,3,2,1.8,0.0,7.2,38.6,40.8
FL0940,6E870,2023-11-11,11,Saturday,1,IndiGo,ATR72,JAI,PNQ,1405,6,120,70,60.0,86.6,3.0,2.0,4,4,0.0,22.0,0.0,31.1,26.9
FL1343,AI902,2023-02-10,2,Friday,0,Air India,A320,PAT,DEL,1000,19,102,180,116.0,64.8,1.0,8.0,2,9,1.2,0.0,0.0,2.6,81.8
FL0474,6E122,2023-07-23,7,Sunday,1,IndiGo,A321,JAI,CCU,1943,21,191,220,,83.8,10.0,3.0,4,5,2.5,0.0,0.0,45.4,57.8
FL1092,6E992,2023-01-05,1,Thursday,0,IndiGo,A319,COK,CCU,460,7,66,144,130.0,90.7,3.0,4.0,4,5,8.5,0.0,0.0,11.8,17.0
FL0092,AI824,2023-06-06,6,Tuesday,0,Air India,B777,HYD,IXC,1041,9,113,342,249.0,73.0,9.0,,6,2,6.5,0.0,0.0,48.1,61.6
FL0316,SG650,2023-10-10,10,Tuesday,0,SpiceJet,A320,GAU,MAA,1638,15,154,180,171.0,95.0,1.0,1.0,2,6,0.0,0.0,0.0,16.7,52.2
FL0751,UK355,2023-07-21,7,Friday,0,Vistara,A320,MAA,CCU,1640,12,153,180,156.0,86.8,4.0,7.0,6,5,7.7,43.1,0.0,50.4,74.2
FL0798,G8915,2023-11-04,11,Saturday,1,GoFirst,A320,BLR,GOI,963,7,96,180,157.0,87.5,5.0,2.0,7,3,5.4,0.0,0.0,7.6,36.8
FL0990,AI727,2023-05-20,5,Saturday,1,Air India,A319,LKO,PAT,628,6,81,144,125.0,87.2,2.0,1.0,3,2,9.8,0.0,0.0,20.2,32.5
FL1186,6E176,2023-12-30,12,Saturday,1,IndiGo,A321,IXB,DEL,1810,21,163,220,203.0,92.5,7.0,4.0,2,9,9.2,0.0,0.0,34.8,59.9
FL0185,6E748,2023-06-14,6,Wednesday,0,IndiGo,A320,MAA,VTZ,1646,15,157,180,177.0,98.6,8.0,9.0,6,2,0.7,0.0,0.0,29.5,76.9
FL1385,6E869,2023-08-20,8,Sunday,1,IndiGo,ATR72,GAU,ATQ,1938,12,176,70,56.0,80.6,8.0,8.0,2,2,3.8,0.0,0.0,31.0,67.6
FL0862,6E967,2023-02-16,2,Thursday,0,IndiGo,B737,PNQ,CCU,1169,7,123,162,124.0,76.6,4.0,6.0,4,5,11.8,0.0,0.0,9.4,49.6
FL1361,I5869,2023-08-25,8,Friday,0,AirAsia India,A320,VTZ,HYD,300,12,43,180,163.0,,4.0,3.0,2,6,3.8,,0.0,4.1,26.0
FL0610,AI408,2023-06-19,6,Monday,0,Air India,A320,BLR,PAT,1329,15,110,180,173.0,96.4,10.0,7.0,7,2,0.0,0.0,0.0,43.1,64.6
FL0171,SG902,2023-05-08,5,Monday,0,SpiceJet,A321,IXC,GAU,753,15,83,220,220.0,100.0,1.0,4.0,2,2,0.0,0.0,0.5,7.8,36.5
FL0315,G8486,2023-09-21,9,Thursday,0,GoFirst,A320,BHO,LKO,1083,13,99,180,156.0,86.8,8.0,7.0,2,3,,,0.0,16.1,57.9
FL0972,G8168,2023-04-28,4,Friday,0,GoFirst,B777,PNQ,DEL,1200,12,110,342,289.0,,2.0,2.0,4,9,0.0,0.0,0.0,11.1,33.2
FL1219,G8829,2023-07-30,7,Sunday,1,GoFirst,ATR72,SXR,LKO,1321,9,131,70,54.0,78.0,9.0,8.0,2,3,10.7,,0.0,55.0,81.1
FL0880,UK791,2023-06-29,6,Thursday,0,Vistara,B737,HYD,GOI,1640,11,162,162,104.0,64.3,7.0,1.0,6,3,7.9,0.0,0.0,35.0,31.6
FL0839,UK876,2023-03-02,3,Thursday,0,Vistara,B777,VTZ,LKO,939,17,84,342,284.0,83.1,1.0,2.0,2,3,14.1,7.2,0.0,22.4,27.1
FL0843,SG590,2023-01-05,1,Thursday,0,SpiceJet,B737,IXC,SXR,361,15,46,162,138.0,85.4,4.0,,2,2,0.0,7.0,0.0,7.1,36.5
FL1110,I5467,2023-11-20,11,Monday,0,AirAsia India,A321,GOI,PNQ,728,10,83,220,184.0,83.9,1.0,8.0,3,4,0.4,,0.0,5.1,46.1
FL0531,UK988,2023-04-25,4,Tuesday,0,Vistara,A320,IXB,BLR,1267,20,126,180,147.0,82.2,6.0,6.0,2,7,14.9,0.0,0.0,36.3,65.4
FL0363,6E406,2023-10-15,10,Sunday,1,IndiGo,A320,ATQ,MAA,429,6,48,180,144.0,80.0,1.0,2.0,2,6,9.2,14.6,0.0,28.2,24.6
FL0920,AI865,2023-03-09,3,Thursday,0,Air India,A320,PNQ,ATQ,1513,12,138,180,160.0,89.2,6.0,3.0,4,2,0.4,0.0,0.0,17.9,35.0
FL0108,6E411,2023-08-19,8,Saturday,1,IndiGo,,BOM,CCU,1880,21,178,180,133.0,74.3,9.0,6.0,9,5,7.8,9.9,0.0,48.3,47.8
FL0227,UK213,2023-10-21,10,Saturday,1,Vistara,B737,PNQ,IXC,1608,20,151,162,122.0,,5.0,8.0,4,2,,0.0,0.0,9.4,66.6
FL0289,AI454,2023-04-09,4,Sunday,1,Air India,A321,GOI,BOM,450,6,68,220,192.0,87.7,7.0,4.0,3,9,4.1,18.0,0.0,45.7,45.6
FL1295,6E269,2023-07-14,7,Friday,0,IndiGo,B737,IXB,BLR,1361,7,124,162,130.0,80.5,7.0,5.0,2,7,13.6,0.0,0.0,35.7,98.7
FL1250,AI144,2023-12-15,12,Friday,0,Air India,B737,PAT,CCU,1730,12,156,162,162.0,100.0,10.0,6.0,2,5,2.4,0.0,0.0,48.1,94.3
FL0527,6E199,2023-03-31,3,Friday,0,IndiGo,A320,GOI,CCU,1646,6,139,180,125.0,69.5,1.0,2.0,3,5,0.0,0.0,0.0,3.5,28.6
FL0893,UK589,2023-07-06,7,Thursday,0,Vistara,B737,IXB,DEL,1355,13,127,162,138.0,85.6,8.0,8.0,2,9,0.0,0.0,0.0,19.8,56.4
FL0358,SG415,2023-11-19,11,Sunday,1,SpiceJet,ATR72,MAA,BHO,948,22,96,70,55.0,79.3,7.0,5.0,6,2,0.0,0.0,0.0,13.9,36.7
FL0928,UK352,2023-02-03,2,Friday,0,Vistara,A321,IXC,AMD,329,9,51,220,153.0,69.8,2.0,1.0,2,4,12.4,0.0,0.0,14.8,15.6
FL0525,AI685,2023-08-03,8,Thursday,0,Air India,A321,PAT,BHO,1808,8,170,220,211.0,96.1,10.0,4.0,2,2,,,0.0,64.5,79.4
FL0048,G8600,2023-10-01,10,Sunday,1,GoFirst,ATR72,JAI,COK,1707,21,150,70,58.0,83.4,1.0,1.0,4,4,0.1,0.0,0.0,5.9,29.3
FL0056,6E936,2023-12-06,12,Wednesday,0,IndiGo,B777,HYD,BHO,379,19,54,342,224.0,65.8,1.0,1.0,6,2,8.0,0.0,0.0,15.5,31.1
FL0384,UK310,2023-01-20,1,Friday,0,Vistara,A320,IXC,VTZ,1179,18,109,180,146.0,81.7,5.0,6.0,2,2,0.0,,0.0,13.8,48.4
FL1351,UK321,2023-12-28,12,Thursday,0,Vistara,CRJ-900,MAA,JAI,740,12,78,90,71.0,78.9,,6.0,6,4,6.6,0.0,0.0,11.1,39.5
FL0912,UK521,2023-03-27,3,Monday,0,Vistara,ATR72,MAA,PNQ,593,17,67,70,64.0,91.6,2.0,4.0,6,4,7.8,0.0,0.0,16.3,28.2
FL0341,AI732,2023-10-29,10,Sunday,1,Air India,A320,DEL,PNQ,1200,18,117,180,180.0,100.0,3.0,5.0,9,4,23.5,0.0,0.0,30.3,80.2
FL0654,AI873,2023-04-27,4,Thursday,0,Air India,A321,IXB,LKO,1553,13,152,220,197.0,89.9,1.0,,2,3,1.7,12.2,0.0,20.3,53.5
FL0802,6E741,2023-01-30,1,Monday,0,IndiGo,A321,GOI,JAI,1795,22,162,220,,82.9,3.0,1.0,3,4,0.2,0.0,0.0,295.0,16.4
FL0286,G8405,2023-09-11,9,Monday,0,GoFirst,ATR72,AMD,SXR,693,12,79,70,,82.5,7.0,4.0,4,2,0.0,0.0,0.0,22.6,68.7
FL1157,SG433,2023-09-24,9,Sunday,1,SpiceJet,A319,MAA,JAI,1134,14,106,144,144.0,100.0,6.0,6.0,6,4,7.1,0.0,4.6,19.4,42.4
FL0538,SG419,2023-10-04,10,Wednesday,0,SpiceJet,ATR72,DEL,AMD,890,12,91,70,,84.0,10.0,5.0,9,4,0.0,0.0,0.0,41.7,81.8
FL0402,6E197,2023-11-10,11,Friday,0,IndiGo,A320,IXB,AMD,1353,6,139,180,157.0,87.8,5.0,3.0,2,4,1.2,0.0,0.0,9.7,34.5
FL0082,UK366,2023-08-01,8,Tuesday,0,Vistara,B787,BLR,IXC,577,17,68,296,262.0,88.6,5.0,8.0,7,2,15.2,0.0,0.0,19.6,54.6
FL0999,AI246,2023-12-22,12,Friday,0,Air India,B737,PAT,ATQ,1370,6,130,162,141.0,87.2,5.0,1.0,2,2,5.1,0.0,0.0,20.3,55.5
FL0630,6E337,2023-10-02,10,Monday,0,IndiGo,B737,MAA,SXR,1034,10,110,162,130.0,80.5,3.0,4.0,6,2,0.5,20.0,0.0,36.8,32.3
